trade_id,symbol,trade_side,scan_time,exit_time,side,order_index,role,status,planned_price,planned_notional,quantity,event_time,close_price,pnl
1,MITOUSDT,LONG,2026-04-02 06:00,2026-04-02 16:00,LONG,1,PROBE,FILLED,0.03717,220.0,5918.7516814635455,2026-04-02 07:00,0,0
1,MITOUSDT,LONG,2026-04-02 06:00,2026-04-02 16:00,LONG,2,TREND,FILLED,0.038190693517793924,180.0,4713.1901366528955,2026-04-02 09:00,0,0
1,MITOUSDT,LONG,2026-04-02 06:00,2026-04-02 16:00,LONG,3,TREND,FILLED,0.03828099073970561,150.0,3918.3938843154806,2026-04-02 09:00,0,0
1,MITOUSDT,LONG,2026-04-02 06:00,2026-04-02 16:00,LONG,4,TREND,FILLED,0.038401387035587854,120.0,3124.8871268319544,2026-04-02 09:00,0,0
1,MITOUSDT,LONG,2026-04-02 06:00,2026-04-02 16:00,LONG,5,TREND,FILLED,0.038551882405440656,100.0,2593.9070613549975,2026-04-02 09:00,0,0
1,MITOUSDT,LONG,2026-04-02 06:00,2026-04-02 16:00,LONG,6,TREND,FILLED,0.03873247684926402,80.0,2065.450146948713,2026-04-02 09:00,0,0
1,MITOUSDT,LONG,2026-04-02 06:00,2026-04-02 16:00,LONG,7,TREND,FILLED,0.03894317036705795,60.0,1540.7066100287004,2026-04-02 09:00,0,0
1,MITOUSDT,LONG,2026-04-02 06:00,2026-04-02 16:00,LONG,8,TREND,FILLED,0.03918396295882244,40.0,1020.8257914605298,2026-04-02 09:00,0,0
1,MITOUSDT,LONG,2026-04-02 06:00,2026-04-02 16:00,LONG,9,TREND,FILLED,0.03948495369852805,30.0,759.7830867183811,2026-04-02 09:00,0,0
1,MITOUSDT,LONG,2026-04-02 06:00,2026-04-02 16:00,LONG,10,TREND,FILLED,0.03984614258617478,20.0,501.93064376924906,2026-04-02 12:00,0,0
1,MITOUSDT,LONG,2026-04-02 06:00,2026-04-02 16:00,SHORT,1,HEDGE,CLOSED_HEDGE_STOP,0.03717,220.0,5918.7516814635455,2026-04-02 15:00,0.04088700000000001,-22.00000000000003
1,MITOUSDT,LONG,2026-04-02 06:00,2026-04-02 16:00,SHORT,1,PROBE,FILLED,0.03717,220.0,5918.7516814635455,2026-04-02 07:00,0,0
1,MITOUSDT,LONG,2026-04-02 06:00,2026-04-02 16:00,SHORT,2,PLANNED_HEDGE_SIDE,NOT_FILLED,0.03446930648220608,180.0,5222.037179451827,,0,0
1,MITOUSDT,LONG,2026-04-02 06:00,2026-04-02 16:00,SHORT,3,PLANNED_HEDGE_SIDE,NOT_FILLED,0.03437900926029439,150.0,4363.127478872424,,0,0
1,MITOUSDT,LONG,2026-04-02 06:00,2026-04-02 16:00,SHORT,4,PLANNED_HEDGE_SIDE,NOT_FILLED,0.03425861296441215,120.0,3502.7687818142554,,0,0
1,MITOUSDT,LONG,2026-04-02 06:00,2026-04-02 16:00,SHORT,5,PLANNED_HEDGE_SIDE,NOT_FILLED,0.034108117594559346,100.0,2931.8533842498305,,0,0
1,MITOUSDT,LONG,2026-04-02 06:00,2026-04-02 16:00,SHORT,6,PLANNED_HEDGE_SIDE,NOT_FILLED,0.03392752315073598,80.0,2357.967590046861,,0,0
1,MITOUSDT,LONG,2026-04-02 06:00,2026-04-02 16:00,SHORT,7,PLANNED_HEDGE_SIDE,NOT_FILLED,0.03371682963294205,60.0,1779.5267423773064,,0,0
1,MITOUSDT,LONG,2026-04-02 06:00,2026-04-02 16:00,SHORT,8,PLANNED_HEDGE_SIDE,NOT_FILLED,0.03347603704117756,40.0,1194.8845662584722,,0,0
1,MITOUSDT,LONG,2026-04-02 06:00,2026-04-02 16:00,SHORT,9,PLANNED_HEDGE_SIDE,NOT_FILLED,0.03317504630147195,30.0,904.2941410655671,,0,0
1,MITOUSDT,LONG,2026-04-02 06:00,2026-04-02 16:00,SHORT,10,PLANNED_HEDGE_SIDE,NOT_FILLED,0.03281385741382522,20.0,609.4985952969232,,0,0
2,IOUSDT,LONG,2026-04-16 10:00,2026-04-17 23:00,LONG,1,PROBE,FILLED,0.1098,220.0,2003.6429872495448,2026-04-16 11:00,0,0
2,IOUSDT,LONG,2026-04-16 10:00,2026-04-17 23:00,LONG,2,TREND,FILLED,0.11095532101299824,180.0,1622.2746088843571,2026-04-16 12:00,0,0
2,IOUSDT,LONG,2026-04-16 10:00,2026-04-17 23:00,LONG,3,TREND,FILLED,0.11119331573285463,150.0,1349.0019522430614,2026-04-16 12:00,0,0
2,IOUSDT,LONG,2026-04-16 10:00,2026-04-17 23:00,LONG,4,TREND,FILLED,0.11151064202599648,120.0,1076.130473466599,2026-04-16 12:00,0,0
2,IOUSDT,LONG,2026-04-16 10:00,2026-04-17 23:00,LONG,5,TREND,FILLED,0.11190729989242379,100.0,893.5967546007254,2026-04-16 12:00,0,0
2,IOUSDT,LONG,2026-04-16 10:00,2026-04-17 23:00,LONG,6,TREND,FILLED,0.11238328933213657,80.0,711.849603935054,2026-04-16 12:00,0,0
2,IOUSDT,LONG,2026-04-16 10:00,2026-04-17 23:00,LONG,7,TREND,FILLED,0.1129386103451348,60.0,531.2620707536862,2026-04-16 12:00,0,0
2,IOUSDT,LONG,2026-04-16 10:00,2026-04-17 23:00,LONG,8,TREND,FILLED,0.11357326293141849,40.0,352.1955693405947,2026-04-16 12:00,0,0
2,IOUSDT,LONG,2026-04-16 10:00,2026-04-17 23:00,LONG,9,TREND,FILLED,0.11436657866427312,30.0,262.31439595710907,2026-04-16 15:00,0,0
2,IOUSDT,LONG,2026-04-16 10:00,2026-04-17 23:00,LONG,10,TREND,FILLED,0.11531855754369867,20.0,173.43262373379258,2026-04-16 15:00,0,0
2,IOUSDT,LONG,2026-04-16 10:00,2026-04-17 23:00,SHORT,1,HEDGE,CLOSED_HEDGE_STOP,0.1098,220.0,2003.6429872495448,2026-04-17 19:00,0.12078,-22.00000000000001
2,IOUSDT,LONG,2026-04-16 10:00,2026-04-17 23:00,SHORT,1,PROBE,FILLED,0.1098,220.0,2003.6429872495448,2026-04-16 11:00,0,0
2,IOUSDT,LONG,2026-04-16 10:00,2026-04-17 23:00,SHORT,2,PLANNED_HEDGE_SIDE,NOT_FILLED,0.09844467898700177,180.0,1828.4380816942526,,0,0
2,IOUSDT,LONG,2026-04-16 10:00,2026-04-17 23:00,SHORT,3,PLANNED_HEDGE_SIDE,NOT_FILLED,0.09820668426714538,150.0,1527.3909420662708,,0,0
2,IOUSDT,LONG,2026-04-16 10:00,2026-04-17 23:00,SHORT,4,PLANNED_HEDGE_SIDE,NOT_FILLED,0.09788935797400353,120.0,1225.8738077725302,,0,0
2,IOUSDT,LONG,2026-04-16 10:00,2026-04-17 23:00,SHORT,5,PLANNED_HEDGE_SIDE,NOT_FILLED,0.09749270010757621,100.0,1025.7178218436577,,0,0
2,IOUSDT,LONG,2026-04-16 10:00,2026-04-17 23:00,SHORT,6,PLANNED_HEDGE_SIDE,NOT_FILLED,0.09701671066786344,80.0,824.6002101007101,,0,0
2,IOUSDT,LONG,2026-04-16 10:00,2026-04-17 23:00,SHORT,7,PLANNED_HEDGE_SIDE,NOT_FILLED,0.0964613896548652,60.0,622.0105289243445,,0,0
2,IOUSDT,LONG,2026-04-16 10:00,2026-04-17 23:00,SHORT,8,PLANNED_HEDGE_SIDE,NOT_FILLED,0.09582673706858151,40.0,417.42003561461877,,0,0
2,IOUSDT,LONG,2026-04-16 10:00,2026-04-17 23:00,SHORT,9,PLANNED_HEDGE_SIDE,NOT_FILLED,0.09503342133572688,30.0,315.6784169015474,,0,0
2,IOUSDT,LONG,2026-04-16 10:00,2026-04-17 23:00,SHORT,10,PLANNED_HEDGE_SIDE,NOT_FILLED,0.09408144245630133,20.0,212.58177466070995,,0,0
3,1000XECUSDT,LONG,2026-04-16 13:00,2026-04-18 11:00,LONG,1,PROBE,FILLED,0.00714,220.0,30812.32492997199,2026-04-16 14:00,0,0
3,1000XECUSDT,LONG,2026-04-16 13:00,2026-04-18 11:00,LONG,2,TREND,FILLED,0.0072549297642206245,180.0,24810.7157270787,2026-04-17 09:00,0,0
3,1000XECUSDT,LONG,2026-04-16 13:00,2026-04-18 11:00,LONG,3,TREND,FILLED,0.007265613948886607,150.0,20645.19269193847,2026-04-17 09:00,0,0
3,1000XECUSDT,LONG,2026-04-16 13:00,2026-04-18 11:00,LONG,4,TREND,FILLED,0.00727985952844125,120.0,16483.83454806774,2026-04-17 09:00,0,0
3,1000XECUSDT,LONG,2026-04-16 13:00,2026-04-18 11:00,LONG,5,TREND,FILLED,0.007297666502884553,100.0,13703.010402088523,2026-04-17 11:00,0,0
3,1000XECUSDT,LONG,2026-04-16 13:00,2026-04-18 11:00,LONG,6,TREND,FILLED,0.007319034872216517,80.0,10930.40290102793,2026-04-17 11:00,0,0
3,1000XECUSDT,LONG,2026-04-16 13:00,2026-04-18 11:00,LONG,7,TREND,FILLED,0.007343964636437141,60.0,8169.973981398209,2026-04-17 11:00,0,0
3,1000XECUSDT,LONG,2026-04-16 13:00,2026-04-18 11:00,LONG,8,TREND,FILLED,0.0073724557955464265,40.0,5425.6005202721335,2026-04-17 13:00,0,0
3,1000XECUSDT,LONG,2026-04-16 13:00,2026-04-18 11:00,LONG,9,TREND,FILLED,0.007408069744433033,30.0,4049.637899608626,2026-04-17 13:00,0,0
3,1000XECUSDT,LONG,2026-04-16 13:00,2026-04-18 11:00,LONG,10,TREND,FILLED,0.007450806483096962,20.0,2684.2731783965096,2026-04-17 16:00,0,0
3,1000XECUSDT,LONG,2026-04-16 13:00,2026-04-18 11:00,SHORT,1,PROBE,FILLED,0.00714,220.0,30812.32492997199,2026-04-16 14:00,0,0
3,1000XECUSDT,LONG,2026-04-16 13:00,2026-04-18 11:00,SHORT,2,PLANNED_HEDGE_SIDE,NOT_FILLED,0.006845070235779376,180.0,26296.297013745003,,0,0
3,1000XECUSDT,LONG,2026-04-16 13:00,2026-04-18 11:00,SHORT,3,PLANNED_HEDGE_SIDE,NOT_FILLED,0.0068343860511133935,150.0,21947.838310299052,,0,0
3,1000XECUSDT,LONG,2026-04-16 13:00,2026-04-18 11:00,SHORT,4,PLANNED_HEDGE_SIDE,NOT_FILLED,0.006820140471558751,120.0,17594.945514747422,,0,0
3,1000XECUSDT,LONG,2026-04-16 13:00,2026-04-18 11:00,SHORT,5,PLANNED_HEDGE_SIDE,NOT_FILLED,0.006802333497115448,100.0,14700.83759380591,,0,0
3,1000XECUSDT,LONG,2026-04-16 13:00,2026-04-18 11:00,SHORT,6,PLANNED_HEDGE_SIDE,NOT_FILLED,0.006780965127783483,80.0,11797.730631620261,,0,0
3,1000XECUSDT,LONG,2026-04-16 13:00,2026-04-18 11:00,SHORT,7,PLANNED_HEDGE_SIDE,NOT_FILLED,0.006756035363562859,60.0,8880.948185025252,,0,0
3,1000XECUSDT,LONG,2026-04-16 13:00,2026-04-18 11:00,SHORT,8,PLANNED_HEDGE_SIDE,NOT_FILLED,0.006727544204453574,40.0,5945.7060086681195,,0,0
3,1000XECUSDT,LONG,2026-04-16 13:00,2026-04-18 11:00,SHORT,9,PLANNED_HEDGE_SIDE,NOT_FILLED,0.006691930255566967,30.0,4483.01145623017,,0,0
3,1000XECUSDT,LONG,2026-04-16 13:00,2026-04-18 11:00,SHORT,10,PLANNED_HEDGE_SIDE,NOT_FILLED,0.006649193516903039,20.0,3007.8835800398388,,0,0
4,1000000BOBUSDT,LONG,2026-04-16 14:00,2026-04-17 10:00,LONG,1,PROBE,FILLED,0.01402,220.0,15691.868758915834,2026-04-16 15:00,0,0
4,1000000BOBUSDT,LONG,2026-04-16 14:00,2026-04-17 10:00,LONG,2,TREND,FILLED,0.01449190212848861,180.0,12420.72975680333,2026-04-17 06:00,0,0
4,1000000BOBUSDT,LONG,2026-04-16 14:00,2026-04-17 10:00,LONG,3,TREND,FILLED,0.014531288754983728,150.0,10322.553114812697,2026-04-17 06:00,0,0
4,1000000BOBUSDT,LONG,2026-04-16 14:00,2026-04-17 10:00,LONG,4,TREND,FILLED,0.01458380425697722,120.0,8228.305720888246,2026-04-17 06:00,0,0
4,1000000BOBUSDT,LONG,2026-04-16 14:00,2026-04-17 10:00,LONG,5,TREND,FILLED,0.014649448634469084,100.0,6826.195476374946,2026-04-17 06:00,0,0
4,1000000BOBUSDT,LONG,2026-04-16 14:00,2026-04-17 10:00,LONG,6,TREND,FILLED,0.014728221887459321,80.0,5431.748693854064,2026-04-17 06:00,0,0
4,1000000BOBUSDT,LONG,2026-04-16 14:00,2026-04-17 10:00,LONG,7,TREND,FILLED,0.014820124015947933,60.0,4048.5491170947025,2026-04-17 06:00,0,0
4,1000000BOBUSDT,LONG,2026-04-16 14:00,2026-04-17 10:00,LONG,8,TREND,FILLED,0.014925155019934916,40.0,2680.0391651928335,2026-04-17 06:00,0,0
4,1000000BOBUSDT,LONG,2026-04-16 14:00,2026-04-17 10:00,LONG,9,TREND,FILLED,0.015056443774918644,30.0,1992.5023762898554,2026-04-17 06:00,0,0
4,1000000BOBUSDT,LONG,2026-04-16 14:00,2026-04-17 10:00,LONG,10,TREND,FILLED,0.015213990280899118,20.0,1314.5795173216081,2026-04-17 06:00,0,0
4,1000000BOBUSDT,LONG,2026-04-16 14:00,2026-04-17 10:00,SHORT,1,HEDGE,CLOSED_HEDGE_STOP,0.01402,220.0,15691.868758915834,2026-04-17 06:00,0.015422,-22.000000000000007
4,1000000BOBUSDT,LONG,2026-04-16 14:00,2026-04-17 10:00,SHORT,1,PROBE,FILLED,0.01402,220.0,15691.868758915834,2026-04-16 15:00,0,0
4,1000000BOBUSDT,LONG,2026-04-16 14:00,2026-04-17 10:00,SHORT,2,PLANNED_HEDGE_SIDE,NOT_FILLED,0.01241809787151139,180.0,14494.973534790835,,0,0
4,1000000BOBUSDT,LONG,2026-04-16 14:00,2026-04-17 10:00,SHORT,3,PLANNED_HEDGE_SIDE,NOT_FILLED,0.012378711245016272,150.0,12117.578076666965,,0,0
4,1000000BOBUSDT,LONG,2026-04-16 14:00,2026-04-17 10:00,SHORT,4,PLANNED_HEDGE_SIDE,NOT_FILLED,0.01232619574302278,120.0,9735.363813926593,,0,0
4,1000000BOBUSDT,LONG,2026-04-16 14:00,2026-04-17 10:00,SHORT,5,PLANNED_HEDGE_SIDE,NOT_FILLED,0.012260551365530916,100.0,8156.24004326087,,0,0
4,1000000BOBUSDT,LONG,2026-04-16 14:00,2026-04-17 10:00,SHORT,6,PLANNED_HEDGE_SIDE,NOT_FILLED,0.012181778112540679,80.0,6567.185780345402,,0,0
4,1000000BOBUSDT,LONG,2026-04-16 14:00,2026-04-17 10:00,SHORT,7,PLANNED_HEDGE_SIDE,NOT_FILLED,0.012089875984052067,60.0,4962.830063695184,,0,0
4,1000000BOBUSDT,LONG,2026-04-16 14:00,2026-04-17 10:00,SHORT,8,PLANNED_HEDGE_SIDE,NOT_FILLED,0.011984844980065084,40.0,3337.5483843582247,,0,0
4,1000000BOBUSDT,LONG,2026-04-16 14:00,2026-04-17 10:00,SHORT,9,PLANNED_HEDGE_SIDE,NOT_FILLED,0.011853556225081356,30.0,2530.8860421585505,,0,0
4,1000000BOBUSDT,LONG,2026-04-16 14:00,2026-04-17 10:00,SHORT,10,PLANNED_HEDGE_SIDE,NOT_FILLED,0.011696009719100882,20.0,1709.984899152211,,0,0
5,MITOUSDT,LONG,2026-04-17 16:00,2026-04-18 11:00,LONG,1,PROBE,FILLED,0.03868,220.0,5687.693898655636,2026-04-17 17:00,0,0
5,MITOUSDT,LONG,2026-04-17 16:00,2026-04-18 11:00,LONG,2,TREND,FILLED,0.039299477118245454,180.0,4580.21361094476,2026-04-18 05:00,0,0
5,MITOUSDT,LONG,2026-04-17 16:00,2026-04-18 11:00,LONG,3,TREND,FILLED,0.03937211016892208,150.0,3809.8034206558928,2026-04-18 05:00,0,0
5,MITOUSDT,LONG,2026-04-17 16:00,2026-04-18 11:00,LONG,4,TREND,FILLED,0.03946895423649091,120.0,3040.3643147214257,2026-04-18 05:00,0,0
5,MITOUSDT,LONG,2026-04-17 16:00,2026-04-18 11:00,LONG,5,TREND,FILLED,0.03959000932095195,100.0,2525.889781669682,2026-04-18 05:00,0,0
5,MITOUSDT,LONG,2026-04-17 16:00,2026-04-18 11:00,LONG,6,TREND,FILLED,0.0397352754223052,80.0,2013.3244113640244,2026-04-18 05:00,0,0
5,MITOUSDT,LONG,2026-04-17 16:00,2026-04-18 11:00,LONG,7,TREND,FILLED,0.039904752540550655,60.0,1503.5803051034795,2026-04-18 05:00,0,0
5,MITOUSDT,LONG,2026-04-17 16:00,2026-04-18 11:00,LONG,8,TREND,FILLED,0.04009844067568832,40.0,997.5450248431231,2026-04-18 05:00,0,0
5,MITOUSDT,LONG,2026-04-17 16:00,2026-04-18 11:00,LONG,9,TREND,FILLED,0.0403405508446104,30.0,743.6685759586766,2026-04-18 06:00,0,0
5,MITOUSDT,LONG,2026-04-17 16:00,2026-04-18 11:00,LONG,10,TREND,FILLED,0.0406310830473169,20.0,492.23398688902813,2026-04-18 07:00,0,0
5,MITOUSDT,LONG,2026-04-17 16:00,2026-04-18 11:00,SHORT,1,PROBE,FILLED,0.03868,220.0,5687.693898655636,2026-04-17 17:00,0,0
5,MITOUSDT,LONG,2026-04-17 16:00,2026-04-18 11:00,SHORT,2,PLANNED_HEDGE_SIDE,NOT_FILLED,0.035000522881754544,180.0,5142.7803124002,,0,0
5,MITOUSDT,LONG,2026-04-17 16:00,2026-04-18 11:00,SHORT,3,PLANNED_HEDGE_SIDE,NOT_FILLED,0.03492788983107792,150.0,4294.562331862772,,0,0
5,MITOUSDT,LONG,2026-04-17 16:00,2026-04-18 11:00,SHORT,4,PLANNED_HEDGE_SIDE,NOT_FILLED,0.03483104576350909,120.0,3445.2023294034593,,0,0
5,MITOUSDT,LONG,2026-04-17 16:00,2026-04-18 11:00,SHORT,5,PLANNED_HEDGE_SIDE,NOT_FILLED,0.03470999067904805,100.0,2881.0148906309814,,0,0
5,MITOUSDT,LONG,2026-04-17 16:00,2026-04-18 11:00,SHORT,6,PLANNED_HEDGE_SIDE,NOT_FILLED,0.0345647245776948,80.0,2314.498407767593,,0,0
5,MITOUSDT,LONG,2026-04-17 16:00,2026-04-18 11:00,SHORT,7,PLANNED_HEDGE_SIDE,NOT_FILLED,0.034395247459449343,60.0,1744.4270482640854,,0,0
5,MITOUSDT,LONG,2026-04-17 16:00,2026-04-18 11:00,SHORT,8,PLANNED_HEDGE_SIDE,NOT_FILLED,0.03420155932431168,40.0,1169.5373190650573,,0,0
5,MITOUSDT,LONG,2026-04-17 16:00,2026-04-18 11:00,SHORT,9,PLANNED_HEDGE_SIDE,NOT_FILLED,0.0339594491553896,30.0,883.4065553515844,,0,0
5,MITOUSDT,LONG,2026-04-17 16:00,2026-04-18 11:00,SHORT,10,PLANNED_HEDGE_SIDE,NOT_FILLED,0.0336689169526831,20.0,594.0197015575872,,0,0
6,TRUTHUSDT,SHORT,2026-04-19 07:00,2026-04-19 14:00,LONG,1,PROBE,FILLED,0.010008,220.0,21982.414068745005,2026-04-19 08:00,0,0
6,TRUTHUSDT,SHORT,2026-04-19 07:00,2026-04-19 14:00,LONG,2,PLANNED_HEDGE_SIDE,NOT_FILLED,0.010587905281579766,180.0,17000.529869978505,,0,0
6,TRUTHUSDT,SHORT,2026-04-19 07:00,2026-04-19 14:00,LONG,3,PLANNED_HEDGE_SIDE,NOT_FILLED,0.01062257897368538,150.0,14120.864657404309,,0,0
6,TRUTHUSDT,SHORT,2026-04-19 07:00,2026-04-19 14:00,LONG,4,PLANNED_HEDGE_SIDE,NOT_FILLED,0.010668810563159532,120.0,11247.739313543721,,0,0
6,TRUTHUSDT,SHORT,2026-04-19 07:00,2026-04-19 14:00,LONG,5,PLANNED_HEDGE_SIDE,NOT_FILLED,0.01072660005000222,100.0,9322.618493637161,,0,0
6,TRUTHUSDT,SHORT,2026-04-19 07:00,2026-04-19 14:00,LONG,6,PLANNED_HEDGE_SIDE,NOT_FILLED,0.010795947434213448,80.0,7410.187988362366,,0,0
6,TRUTHUSDT,SHORT,2026-04-19 07:00,2026-04-19 14:00,LONG,7,PLANNED_HEDGE_SIDE,NOT_FILLED,0.010876852715793214,60.0,5516.30159640572,,0,0
6,TRUTHUSDT,SHORT,2026-04-19 07:00,2026-04-19 14:00,LONG,8,PLANNED_HEDGE_SIDE,NOT_FILLED,0.010969315894741517,40.0,3646.5355163283466,,0,0
6,TRUTHUSDT,SHORT,2026-04-19 07:00,2026-04-19 14:00,LONG,9,PLANNED_HEDGE_SIDE,NOT_FILLED,0.011084894868426896,30.0,2706.3856135838505,,0,0
6,TRUTHUSDT,SHORT,2026-04-19 07:00,2026-04-19 14:00,LONG,10,PLANNED_HEDGE_SIDE,NOT_FILLED,0.011223589636849352,20.0,1781.9610879513884,,0,0
6,TRUTHUSDT,SHORT,2026-04-19 07:00,2026-04-19 14:00,SHORT,1,PROBE,FILLED,0.010008,220.0,21982.414068745005,2026-04-19 08:00,0,0
6,TRUTHUSDT,SHORT,2026-04-19 07:00,2026-04-19 14:00,SHORT,2,TREND,FILLED,0.009442094718420235,180.0,19063.566440277773,2026-04-19 12:00,0,0
6,TRUTHUSDT,SHORT,2026-04-19 07:00,2026-04-19 14:00,SHORT,3,TREND,FILLED,0.009407421026314622,150.0,15944.85880672472,2026-04-19 12:00,0,0
6,TRUTHUSDT,SHORT,2026-04-19 07:00,2026-04-19 14:00,SHORT,4,TREND,FILLED,0.009361189436840469,120.0,12818.883840524186,2026-04-19 12:00,0,0
6,TRUTHUSDT,SHORT,2026-04-19 07:00,2026-04-19 14:00,SHORT,5,TREND,FILLED,0.00930339994999778,100.0,10748.758576161596,2026-04-19 12:00,0,0
6,TRUTHUSDT,SHORT,2026-04-19 07:00,2026-04-19 14:00,SHORT,6,TREND,FILLED,0.009234052565786553,80.0,8663.585076005644,2026-04-19 12:00,0,0
6,TRUTHUSDT,SHORT,2026-04-19 07:00,2026-04-19 14:00,SHORT,7,TREND,NOT_FILLED,0.009153147284206787,60.0,6555.122313340947,,0,0
6,TRUTHUSDT,SHORT,2026-04-19 07:00,2026-04-19 14:00,SHORT,8,TREND,NOT_FILLED,0.009060684105258484,40.0,4414.677692690499,,0,0
6,TRUTHUSDT,SHORT,2026-04-19 07:00,2026-04-19 14:00,SHORT,9,TREND,NOT_FILLED,0.008945105131573105,30.0,3353.789537264403,,0,0
6,TRUTHUSDT,SHORT,2026-04-19 07:00,2026-04-19 14:00,SHORT,10,TREND,NOT_FILLED,0.008806410363150649,20.0,2271.07290885371,,0,0
7,IOUSDT,LONG,2026-04-24 18:00,2026-04-25 04:00,LONG,1,PROBE,FILLED,0.1277,220.0,1722.7877838684415,2026-04-24 19:00,0,0
7,IOUSDT,LONG,2026-04-24 18:00,2026-04-25 04:00,LONG,2,TREND,FILLED,0.1305075903933418,180.0,1379.2301233781968,2026-04-25 01:00,0,0
7,IOUSDT,LONG,2026-04-24 18:00,2026-04-25 04:00,LONG,3,TREND,FILLED,0.13085370056191686,150.0,1146.3183643707773,2026-04-25 01:00,0,0
7,IOUSDT,LONG,2026-04-24 18:00,2026-04-25 04:00,LONG,4,TREND,FILLED,0.13131518078668358,120.0,913.8318911880824,2026-04-25 01:00,0,0
7,IOUSDT,LONG,2026-04-24 18:00,2026-04-25 04:00,LONG,5,TREND,FILLED,0.13189203106764202,100.0,758.1959212434457,2026-04-25 01:00,0,0
7,IOUSDT,LONG,2026-04-24 18:00,2026-04-25 04:00,LONG,6,TREND,FILLED,0.13258425140479213,80.0,603.3899136010695,2026-04-25 01:00,0,0
7,IOUSDT,LONG,2026-04-24 18:00,2026-04-25 04:00,LONG,7,TREND,FILLED,0.13339184179813393,60.0,449.8026205440651,2026-04-25 01:00,0,0
7,IOUSDT,LONG,2026-04-24 18:00,2026-04-25 04:00,LONG,8,TREND,FILLED,0.1343148022476674,40.0,297.80783153179726,2026-04-25 01:00,0,0
7,IOUSDT,LONG,2026-04-24 18:00,2026-04-25 04:00,LONG,9,TREND,FILLED,0.13546850280958425,30.0,221.45369128474292,2026-04-25 01:00,0,0
7,IOUSDT,LONG,2026-04-24 18:00,2026-04-25 04:00,LONG,10,TREND,FILLED,0.13685294348388446,20.0,146.1422713378113,2026-04-25 02:00,0,0
7,IOUSDT,LONG,2026-04-24 18:00,2026-04-25 04:00,SHORT,1,HEDGE,CLOSED_HEDGE_STOP,0.1277,220.0,1722.7877838684415,2026-04-25 03:00,0.14047,-22.000000000000004
7,IOUSDT,LONG,2026-04-24 18:00,2026-04-25 04:00,SHORT,1,PROBE,FILLED,0.1277,220.0,1722.7877838684415,2026-04-24 19:00,0,0
7,IOUSDT,LONG,2026-04-24 18:00,2026-04-25 04:00,SHORT,2,PLANNED_HEDGE_SIDE,NOT_FILLED,0.11369240960665822,180.0,1583.2191491300628,,0,0
7,IOUSDT,LONG,2026-04-24 18:00,2026-04-25 04:00,SHORT,3,PLANNED_HEDGE_SIDE,NOT_FILLED,0.11334629943808316,150.0,1323.3780083128288,,0,0
7,IOUSDT,LONG,2026-04-24 18:00,2026-04-25 04:00,SHORT,4,PLANNED_HEDGE_SIDE,NOT_FILLED,0.11288481921331642,120.0,1063.0304485250417,,0,0
7,IOUSDT,LONG,2026-04-24 18:00,2026-04-25 04:00,SHORT,5,PLANNED_HEDGE_SIDE,NOT_FILLED,0.11230796893235799,100.0,890.4087657415391,,0,0
7,IOUSDT,LONG,2026-04-24 18:00,2026-04-25 04:00,SHORT,6,PLANNED_HEDGE_SIDE,NOT_FILLED,0.11161574859520788,80.0,716.7447336677606,,0,0
7,IOUSDT,LONG,2026-04-24 18:00,2026-04-25 04:00,SHORT,7,PLANNED_HEDGE_SIDE,NOT_FILLED,0.1108081582018661,60.0,541.4763765921845,,0,0
7,IOUSDT,LONG,2026-04-24 18:00,2026-04-25 04:00,SHORT,8,PLANNED_HEDGE_SIDE,NOT_FILLED,0.10988519775233262,40.0,364.0162716925255,,0,0
7,IOUSDT,LONG,2026-04-24 18:00,2026-04-25 04:00,SHORT,9,PLANNED_HEDGE_SIDE,NOT_FILLED,0.10873149719041578,30.0,275.9090123394748,,0,0
7,IOUSDT,LONG,2026-04-24 18:00,2026-04-25 04:00,SHORT,10,PLANNED_HEDGE_SIDE,NOT_FILLED,0.10734705651611556,20.0,186.31158272139007,,0,0
8,MITOUSDT,LONG,2026-04-27 11:00,2026-04-28 15:00,LONG,1,PROBE,FILLED,0.04214,220.0,5220.692928334125,2026-04-27 12:00,0,0
8,MITOUSDT,LONG,2026-04-27 11:00,2026-04-28 15:00,LONG,2,TREND,FILLED,0.04410115270116306,180.0,4081.525968713578,2026-04-28 13:00,0,0
8,MITOUSDT,LONG,2026-04-27 11:00,2026-04-28 15:00,LONG,3,TREND,FILLED,0.044260218144518665,150.0,3389.047914545277,2026-04-28 13:00,0,0
8,MITOUSDT,LONG,2026-04-27 11:00,2026-04-28 15:00,LONG,4,TREND,FILLED,0.04447230540232613,120.0,2698.308507157432,2026-04-28 13:00,0,0
8,MITOUSDT,LONG,2026-04-27 11:00,2026-04-28 15:00,LONG,5,TREND,FILLED,0.04473741447458546,100.0,2235.2655193520013,2026-04-28 13:00,0,0
8,MITOUSDT,LONG,2026-04-27 11:00,2026-04-28 15:00,LONG,6,TREND,FILLED,0.04505554536129666,80.0,1775.5860984144497,2026-04-28 13:00,0,0
8,MITOUSDT,LONG,2026-04-27 11:00,2026-04-28 15:00,LONG,7,TREND,FILLED,0.045426698062459726,60.0,1320.8091840067843,2026-04-28 13:00,0,0
8,MITOUSDT,LONG,2026-04-27 11:00,2026-04-28 15:00,LONG,8,TREND,FILLED,0.04585087257807465,40.0,872.3934300680579,2026-04-28 13:00,0,0
8,MITOUSDT,LONG,2026-04-27 11:00,2026-04-28 15:00,LONG,9,TREND,FILLED,0.04638109072259332,30.0,646.8153191875303,2026-04-28 13:00,0,0
8,MITOUSDT,LONG,2026-04-27 11:00,2026-04-28 15:00,LONG,10,TREND,FILLED,0.04701735249601571,20.0,425.37486562423555,2026-04-28 13:00,0,0
8,MITOUSDT,LONG,2026-04-27 11:00,2026-04-28 15:00,SHORT,1,HEDGE,CLOSED_HEDGE_STOP,0.04214,220.0,5220.692928334125,2026-04-28 13:00,0.046354,-22.000000000000018
8,MITOUSDT,LONG,2026-04-27 11:00,2026-04-28 15:00,SHORT,1,PROBE,FILLED,0.04214,220.0,5220.692928334125,2026-04-27 12:00,0,0
8,MITOUSDT,LONG,2026-04-27 11:00,2026-04-28 15:00,SHORT,2,PLANNED_HEDGE_SIDE,NOT_FILLED,0.037968847298836934,180.0,4740.728592134894,,0,0
8,MITOUSDT,LONG,2026-04-27 11:00,2026-04-28 15:00,SHORT,3,PLANNED_HEDGE_SIDE,NOT_FILLED,0.03780978185548133,150.0,3967.227332158075,,0,0
8,MITOUSDT,LONG,2026-04-27 11:00,2026-04-28 15:00,SHORT,4,PLANNED_HEDGE_SIDE,NOT_FILLED,0.03759769459767387,120.0,3191.6850563338603,,0,0
8,MITOUSDT,LONG,2026-04-27 11:00,2026-04-28 15:00,SHORT,5,PLANNED_HEDGE_SIDE,NOT_FILLED,0.03733258552541454,100.0,2678.6250829566566,,0,0
8,MITOUSDT,LONG,2026-04-27 11:00,2026-04-28 15:00,SHORT,6,PLANNED_HEDGE_SIDE,NOT_FILLED,0.037014454638703335,80.0,2161.317808971574,,0,0
8,MITOUSDT,LONG,2026-04-27 11:00,2026-04-28 15:00,SHORT,7,PLANNED_HEDGE_SIDE,NOT_FILLED,0.03664330193754027,60.0,1637.4070246800356,,0,0
8,MITOUSDT,LONG,2026-04-27 11:00,2026-04-28 15:00,SHORT,8,PLANNED_HEDGE_SIDE,NOT_FILLED,0.036219127421925346,40.0,1104.38883670582,,0,0
8,MITOUSDT,LONG,2026-04-27 11:00,2026-04-28 15:00,SHORT,9,PLANNED_HEDGE_SIDE,NOT_FILLED,0.03568890927740668,30.0,840.5972781855759,,0,0
8,MITOUSDT,LONG,2026-04-27 11:00,2026-04-28 15:00,SHORT,10,PLANNED_HEDGE_SIDE,NOT_FILLED,0.035052647503984284,20.0,570.570311350282,,0,0
9,MITOUSDT,LONG,2026-05-02 15:00,2026-05-02 22:00,LONG,1,PROBE,FILLED,0.04872,220.0,4515.59934318555,2026-05-02 16:00,0,0
9,MITOUSDT,LONG,2026-05-02 15:00,2026-05-02 22:00,LONG,2,TREND,FILLED,0.04991115654157678,180.0,3606.4081153891348,2026-05-02 17:00,0,0
9,MITOUSDT,LONG,2026-05-02 15:00,2026-05-02 22:00,LONG,3,TREND,FILLED,0.05004450934510969,150.0,2997.3318144772234,2026-05-02 17:00,0,0
9,MITOUSDT,LONG,2026-05-02 15:00,2026-05-02 22:00,LONG,4,TREND,FILLED,0.05022231308315357,120.0,2389.376208166972,2026-05-02 17:00,0,0
9,MITOUSDT,LONG,2026-05-02 15:00,2026-05-02 22:00,LONG,5,TREND,FILLED,0.05044456775570842,100.0,1982.3740087193783,2026-05-02 17:00,0,0
9,MITOUSDT,LONG,2026-05-02 15:00,2026-05-02 22:00,LONG,6,TREND,FILLED,0.050711273362774235,80.0,1577.5584933098096,2026-05-02 17:00,0,0
9,MITOUSDT,LONG,2026-05-02 15:00,2026-05-02 22:00,LONG,7,TREND,FILLED,0.051022429904351026,60.0,1175.9534015231877,2026-05-02 17:00,0,0
9,MITOUSDT,LONG,2026-05-02 15:00,2026-05-02 22:00,LONG,8,TREND,FILLED,0.05137803738043878,40.0,778.5427789662757,2026-05-02 17:00,0,0
9,MITOUSDT,LONG,2026-05-02 15:00,2026-05-02 22:00,LONG,9,TREND,FILLED,0.05182254672554847,30.0,578.8986048655541,2026-05-02 17:00,0,0
9,MITOUSDT,LONG,2026-05-02 15:00,2026-05-02 22:00,LONG,10,TREND,FILLED,0.052355957939680106,20.0,382.00045968105917,2026-05-02 17:00,0,0
9,MITOUSDT,LONG,2026-05-02 15:00,2026-05-02 22:00,SHORT,1,HEDGE,CLOSED_HEDGE_STOP,0.04872,220.0,4515.59934318555,2026-05-02 17:00,0.053592,-22.000000000000007
9,MITOUSDT,LONG,2026-05-02 15:00,2026-05-02 22:00,SHORT,1,PROBE,FILLED,0.04872,220.0,4515.59934318555,2026-05-02 16:00,0,0
9,MITOUSDT,LONG,2026-05-02 15:00,2026-05-02 22:00,SHORT,2,PLANNED_HEDGE_SIDE,NOT_FILLED,0.04383884345842322,180.0,4105.947734928548,,0,0
9,MITOUSDT,LONG,2026-05-02 15:00,2026-05-02 22:00,SHORT,3,PLANNED_HEDGE_SIDE,NOT_FILLED,0.04370549065489031,150.0,3432.0630600955433,,0,0
9,MITOUSDT,LONG,2026-05-02 15:00,2026-05-02 22:00,SHORT,4,PLANNED_HEDGE_SIDE,NOT_FILLED,0.04352768691684643,120.0,2756.865997250055,,0,0
9,MITOUSDT,LONG,2026-05-02 15:00,2026-05-02 22:00,SHORT,5,PLANNED_HEDGE_SIDE,NOT_FILLED,0.04330543224429158,100.0,2309.1791218221074,,0,0
9,MITOUSDT,LONG,2026-05-02 15:00,2026-05-02 22:00,SHORT,6,PLANNED_HEDGE_SIDE,NOT_FILLED,0.043038726637225765,80.0,1858.791052865516,,0,0
9,MITOUSDT,LONG,2026-05-02 15:00,2026-05-02 22:00,SHORT,7,PLANNED_HEDGE_SIDE,NOT_FILLED,0.042727570095648974,60.0,1404.2455460417093,,0,0
9,MITOUSDT,LONG,2026-05-02 15:00,2026-05-02 22:00,SHORT,8,PLANNED_HEDGE_SIDE,NOT_FILLED,0.04237196261956122,40.0,944.0204684201673,,0,0
9,MITOUSDT,LONG,2026-05-02 15:00,2026-05-02 22:00,SHORT,9,PLANNED_HEDGE_SIDE,NOT_FILLED,0.04192745327445153,30.0,715.5216369480873,,0,0
9,MITOUSDT,LONG,2026-05-02 15:00,2026-05-02 22:00,SHORT,10,PLANNED_HEDGE_SIDE,NOT_FILLED,0.041394042060319894,20.0,483.1613199516916,,0,0
10,IOUSDT,LONG,2026-05-06 04:00,2026-05-06 08:00,LONG,1,PROBE,FILLED,0.1265,220.0,1739.1304347826087,2026-05-06 05:00,0,0
10,IOUSDT,LONG,2026-05-06 04:00,2026-05-06 08:00,LONG,2,TREND,FILLED,0.12785413127219247,180.0,1407.8543900688874,2026-05-06 07:00,0,0
10,IOUSDT,LONG,2026-05-06 04:00,2026-05-06 08:00,LONG,3,TREND,FILLED,0.12813447324598926,150.0,1170.6451527063593,2026-05-06 07:00,0,0
10,IOUSDT,LONG,2026-05-06 04:00,2026-05-06 08:00,LONG,4,TREND,FILLED,0.12850826254438494,120.0,933.7920972867694,2026-05-06 07:00,0,0
10,IOUSDT,LONG,2026-05-06 04:00,2026-05-06 08:00,LONG,5,TREND,FILLED,0.12897549916737958,100.0,775.3410581510814,2026-05-06 07:00,0,0
10,IOUSDT,LONG,2026-05-06 04:00,2026-05-06 08:00,LONG,6,TREND,FILLED,0.1295361831149731,80.0,617.5880597700951,2026-05-06 07:00,0,0
10,IOUSDT,LONG,2026-05-06 04:00,2026-05-06 08:00,LONG,7,TREND,FILLED,0.13019031438716558,60.0,460.8637768672208,2026-05-06 07:00,0,0
10,IOUSDT,LONG,2026-05-06 04:00,2026-05-06 08:00,LONG,8,TREND,FILLED,0.13093789298395697,40.0,305.48834327814455,2026-05-06 07:00,0,0
10,IOUSDT,LONG,2026-05-06 04:00,2026-05-06 08:00,LONG,9,TREND,FILLED,0.13187236622994622,30.0,227.4926950782768,2026-05-06 07:00,0,0
10,IOUSDT,LONG,2026-05-06 04:00,2026-05-06 08:00,LONG,10,TREND,FILLED,0.13299373412513332,20.0,150.3830246707869,2026-05-06 07:00,0,0
10,IOUSDT,LONG,2026-05-06 04:00,2026-05-06 08:00,SHORT,1,HEDGE,CLOSED_HEDGE_STOP,0.1265,220.0,1739.1304347826087,2026-05-06 07:00,0.13915000000000002,-22.00000000000004
10,IOUSDT,LONG,2026-05-06 04:00,2026-05-06 08:00,SHORT,1,PROBE,FILLED,0.1265,220.0,1739.1304347826087,2026-05-06 05:00,0,0
10,IOUSDT,LONG,2026-05-06 04:00,2026-05-06 08:00,SHORT,2,PLANNED_HEDGE_SIDE,NOT_FILLED,0.11614586872780754,180.0,1549.7753124722599,,0,0
10,IOUSDT,LONG,2026-05-06 04:00,2026-05-06 08:00,SHORT,3,PLANNED_HEDGE_SIDE,NOT_FILLED,0.11586552675401075,150.0,1294.6042209643488,,0,0
10,IOUSDT,LONG,2026-05-06 04:00,2026-05-06 08:00,SHORT,4,PLANNED_HEDGE_SIDE,NOT_FILLED,0.11549173745561506,120.0,1039.0353686220847,,0,0
10,IOUSDT,LONG,2026-05-06 04:00,2026-05-06 08:00,SHORT,5,PLANNED_HEDGE_SIDE,NOT_FILLED,0.11502450083262043,100.0,869.3799953586971,,0,0
10,IOUSDT,LONG,2026-05-06 04:00,2026-05-06 08:00,SHORT,6,PLANNED_HEDGE_SIDE,NOT_FILLED,0.1144638168850269,80.0,698.9108189564913,,0,0
10,IOUSDT,LONG,2026-05-06 04:00,2026-05-06 08:00,SHORT,7,PLANNED_HEDGE_SIDE,NOT_FILLED,0.11380968561283442,60.0,527.1959032038109,,0,0
10,IOUSDT,LONG,2026-05-06 04:00,2026-05-06 08:00,SHORT,8,PLANNED_HEDGE_SIDE,NOT_FILLED,0.11306210701604302,40.0,353.78785214328417,,0,0
10,IOUSDT,LONG,2026-05-06 04:00,2026-05-06 08:00,SHORT,9,PLANNED_HEDGE_SIDE,NOT_FILLED,0.11212763377005378,30.0,267.5522437361215,,0,0
10,IOUSDT,LONG,2026-05-06 04:00,2026-05-06 08:00,SHORT,10,PLANNED_HEDGE_SIDE,NOT_FILLED,0.11100626587486669,20.0,180.17000970508522,,0,0
11,MITOUSDT,LONG,2026-05-08 19:00,2026-05-09 20:00,LONG,1,PROBE,FILLED,0.06033,220.0,3646.6103099618763,2026-05-08 20:00,0,0
11,MITOUSDT,LONG,2026-05-08 19:00,2026-05-09 20:00,LONG,2,TREND,FILLED,0.06069970569622417,180.0,2965.4180022028827,2026-05-09 02:00,0,0
11,MITOUSDT,LONG,2026-05-08 19:00,2026-05-09 20:00,LONG,3,TREND,FILLED,0.06083243670889167,150.0,2465.7897680116275,2026-05-09 02:00,0,0
11,MITOUSDT,LONG,2026-05-08 19:00,2026-05-09 20:00,LONG,4,TREND,FILLED,0.061009411392448344,120.0,1966.9096498586023,2026-05-09 02:00,0,0
11,MITOUSDT,LONG,2026-05-08 19:00,2026-05-09 20:00,LONG,5,TREND,FILLED,0.06123062974689418,100.0,1633.1695495108365,2026-05-09 02:00,0,0
11,MITOUSDT,LONG,2026-05-08 19:00,2026-05-09 20:00,LONG,6,TREND,FILLED,0.06149609177222918,80.0,1300.8956779937507,2026-05-09 02:00,0,0
11,MITOUSDT,LONG,2026-05-08 19:00,2026-05-09 20:00,LONG,7,TREND,FILLED,0.061805797468453355,60.0,970.7827171168682,2026-05-09 02:00,0,0
11,MITOUSDT,LONG,2026-05-08 19:00,2026-05-09 20:00,LONG,8,TREND,FILLED,0.062159746835566694,40.0,643.5032643523045,2026-05-09 02:00,0,0
11,MITOUSDT,LONG,2026-05-08 19:00,2026-05-09 20:00,LONG,9,TREND,FILLED,0.06260218354445836,30.0,479.2165113329445,2026-05-09 03:00,0,0
11,MITOUSDT,LONG,2026-05-08 19:00,2026-05-09 20:00,LONG,10,TREND,FILLED,0.06313310759512837,20.0,316.79099543554366,2026-05-09 06:00,0,0
11,MITOUSDT,LONG,2026-05-08 19:00,2026-05-09 20:00,SHORT,1,HEDGE,CLOSED_HEDGE_STOP,0.06033,220.0,3646.6103099618763,2026-05-09 10:00,0.066363,-22.000000000000014
11,MITOUSDT,LONG,2026-05-08 19:00,2026-05-09 20:00,SHORT,1,PROBE,FILLED,0.06033,220.0,3646.6103099618763,2026-05-08 20:00,0,0
11,MITOUSDT,LONG,2026-05-08 19:00,2026-05-09 20:00,SHORT,2,PLANNED_HEDGE_SIDE,NOT_FILLED,0.05097029430377583,180.0,3531.468720333949,,0,0
11,MITOUSDT,LONG,2026-05-08 19:00,2026-05-09 20:00,SHORT,3,PLANNED_HEDGE_SIDE,NOT_FILLED,0.05083756329110833,150.0,2950.5741481168816,,0,0
11,MITOUSDT,LONG,2026-05-08 19:00,2026-05-09 20:00,SHORT,4,PLANNED_HEDGE_SIDE,NOT_FILLED,0.050660588607551654,120.0,2368.7052065185117,,0,0
11,MITOUSDT,LONG,2026-05-08 19:00,2026-05-09 20:00,SHORT,5,PLANNED_HEDGE_SIDE,NOT_FILLED,0.05043937025310582,100.0,1982.578281572468,,0,0
11,MITOUSDT,LONG,2026-05-08 19:00,2026-05-09 20:00,SHORT,6,PLANNED_HEDGE_SIDE,NOT_FILLED,0.05017390822777082,80.0,1594.4542258264964,,0,0
11,MITOUSDT,LONG,2026-05-08 19:00,2026-05-09 20:00,SHORT,7,PLANNED_HEDGE_SIDE,NOT_FILLED,0.04986420253154664,60.0,1203.2680150061747,,0,0
11,MITOUSDT,LONG,2026-05-08 19:00,2026-05-09 20:00,SHORT,8,PLANNED_HEDGE_SIDE,NOT_FILLED,0.049510253164433304,40.0,807.9134612208934,,0,0
11,MITOUSDT,LONG,2026-05-08 19:00,2026-05-09 20:00,SHORT,9,PLANNED_HEDGE_SIDE,NOT_FILLED,0.04906781645554163,30.0,611.3987164515827,,0,0
11,MITOUSDT,LONG,2026-05-08 19:00,2026-05-09 20:00,SHORT,10,PLANNED_HEDGE_SIDE,NOT_FILLED,0.04853689240487163,20.0,412.0576948596035,,0,0
12,TRUTHUSDT,LONG,2026-05-09 18:00,2026-05-10 01:00,LONG,1,PROBE,FILLED,0.010317,220.0,21324.0283028012,2026-05-09 19:00,0,0
12,TRUTHUSDT,LONG,2026-05-09 18:00,2026-05-10 01:00,LONG,2,TREND,FILLED,0.010517930053458687,180.0,17113.6334892063,2026-05-09 22:00,0,0
12,TRUTHUSDT,LONG,2026-05-09 18:00,2026-05-10 01:00,LONG,3,TREND,FILLED,0.01053847150494098,150.0,14233.563181308811,2026-05-09 22:00,0,0
12,TRUTHUSDT,LONG,2026-05-09 18:00,2026-05-10 01:00,LONG,4,TREND,FILLED,0.010565860106917372,120.0,11357.333788797478,2026-05-09 22:00,0,0
12,TRUTHUSDT,LONG,2026-05-09 18:00,2026-05-10 01:00,LONG,5,TREND,FILLED,0.010600095859387863,100.0,9433.876950408525,2026-05-09 22:00,0,0
12,TRUTHUSDT,LONG,2026-05-09 18:00,2026-05-10 01:00,LONG,6,TREND,FILLED,0.010641178762352451,80.0,7517.964107795362,2026-05-09 22:00,0,0
12,TRUTHUSDT,LONG,2026-05-09 18:00,2026-05-10 01:00,LONG,7,TREND,FILLED,0.010689108815811137,60.0,5613.190120325942,2026-05-09 22:00,0,0
12,TRUTHUSDT,LONG,2026-05-09 18:00,2026-05-10 01:00,LONG,8,TREND,FILLED,0.01074388601976392,40.0,3723.047687439906,2026-05-09 22:00,0,0
12,TRUTHUSDT,LONG,2026-05-09 18:00,2026-05-10 01:00,LONG,9,TREND,FILLED,0.010812357524704901,30.0,2774.603034671551,2026-05-09 22:00,0,0
12,TRUTHUSDT,LONG,2026-05-09 18:00,2026-05-10 01:00,LONG,10,TREND,FILLED,0.010894523330634077,20.0,1835.7847693769609,2026-05-09 23:00,0,0
12,TRUTHUSDT,LONG,2026-05-09 18:00,2026-05-10 01:00,SHORT,1,HEDGE,CLOSED_HEDGE_STOP,0.010317,220.0,21324.0283028012,2026-05-10 00:00,0.011348700000000001,-22.000000000000036
12,TRUTHUSDT,LONG,2026-05-09 18:00,2026-05-10 01:00,SHORT,1,PROBE,FILLED,0.010317,220.0,21324.0283028012,2026-05-09 19:00,0,0
12,TRUTHUSDT,LONG,2026-05-09 18:00,2026-05-10 01:00,SHORT,2,PLANNED_HEDGE_SIDE,NOT_FILLED,0.009559069946541312,180.0,18830.28380445402,,0,0
12,TRUTHUSDT,LONG,2026-05-09 18:00,2026-05-10 01:00,SHORT,3,PLANNED_HEDGE_SIDE,NOT_FILLED,0.009538528495059019,150.0,15725.696062836145,,0,0
12,TRUTHUSDT,LONG,2026-05-09 18:00,2026-05-10 01:00,SHORT,4,PLANNED_HEDGE_SIDE,NOT_FILLED,0.009511139893082627,120.0,12616.784249727523,,0,0
12,TRUTHUSDT,LONG,2026-05-09 18:00,2026-05-10 01:00,SHORT,5,PLANNED_HEDGE_SIDE,NOT_FILLED,0.009476904140612136,100.0,10551.969136361948,,0,0
12,TRUTHUSDT,LONG,2026-05-09 18:00,2026-05-10 01:00,SHORT,6,PLANNED_HEDGE_SIDE,NOT_FILLED,0.009435821237647548,80.0,8478.329335109878,,0,0
12,TRUTHUSDT,LONG,2026-05-09 18:00,2026-05-10 01:00,SHORT,7,PLANNED_HEDGE_SIDE,NOT_FILLED,0.009387891184188863,60.0,6391.211702693394,,0,0
12,TRUTHUSDT,LONG,2026-05-09 18:00,2026-05-10 01:00,SHORT,8,PLANNED_HEDGE_SIDE,NOT_FILLED,0.009333113980236079,40.0,4285.815011442538,,0,0
12,TRUTHUSDT,LONG,2026-05-09 18:00,2026-05-10 01:00,SHORT,9,PLANNED_HEDGE_SIDE,NOT_FILLED,0.009264642475295098,30.0,3238.117399564783,,0,0
12,TRUTHUSDT,LONG,2026-05-09 18:00,2026-05-10 01:00,SHORT,10,PLANNED_HEDGE_SIDE,NOT_FILLED,0.009182476669365922,20.0,2178.0616189010216,,0,0
