symbol,scan_time,entry_time,exit_time,side,score,entry,exit,filled_orders,full_position,notional,pnl,pnl_pct_on_notional,peak_favorable_pct,exit_reason,adx,range_pct,volume_ratio,atr_expansion
AVAAIUSDT,2026-04-01 17:00,2026-04-02 02:20,2026-04-02 07:50,SHORT,80.06421304063167,0.006085432949363239,0.006693976244299563,6,False,850.0,-85.00000000000001,-0.10000000000000002,0.007465853250095015,hard-stop,43.976006085148335,6.340859882462106,2.1028771883054813,1.556606924472797
NFPUSDT,2026-04-01 19:00,2026-04-01 21:25,2026-04-02 15:45,LONG,70.75717855523816,0.014127375221973338,0.01416,10,True,1000.0,2.3093304675534267,0.0023093304675534266,0.03487022679630153,full-position-dynamic-tp: kline weakness: no-new-high + shadow/ema-break,70.39137880741286,5.221174764321974,1.7733440309405006,1.4300536235913326
AVAAIUSDT,2026-04-02 08:00,2026-04-02 09:10,2026-04-04 08:00,LONG,72.5264886933292,0.00683141160376976,0.006403,2,False,400.0,-25.084806983865573,-0.06271201745966393,0.001696339922461346,timeout,57.89783680911396,8.594100913310374,2.014932869604304,1.3091089695375706
MITOUSDT,2026-04-02 08:00,2026-04-02 08:05,2026-04-02 13:00,LONG,71.55577645061311,0.03879235711294581,0.03869,10,True,1000.0,-2.6385896749659254,-0.0026385896749659254,0.05252691609126744,profit-giveback,34.462496072135224,7.009222661396564,4.07147067085454,1.323251469008541
1000000BOBUSDT,2026-04-02 17:00,2026-04-02 18:05,2026-04-03 07:40,LONG,72.4741719752253,0.011394635538069894,0.01214,10,True,1000.0,65.41362902216709,0.06541362902216709,0.18038000908963325,profit-giveback,44.96734191245646,6.344950848972301,5.176037224383055,1.1468533074566791
USUALUSDT,2026-04-03 06:00,2026-04-03 10:45,2026-04-05 06:00,LONG,75.77806272833242,0.012909236167909215,0.01219,10,True,1000.0,-55.714850867563264,-0.05571485086756327,0.027946179572390196,timeout,71.30852052646918,5.54235946159936,2.9592634149330252,1.327660242007622
1000000BOBUSDT,2026-04-03 08:00,2026-04-03 10:30,2026-04-05 08:00,SHORT,88.61720067453625,0.010968777673315252,0.01136,6,False,850.0,-30.31686734712788,-0.03566690276132692,0.025415564214913353,timeout,60.71636881958971,19.477234401349065,58.690544823614474,2.1247200329271183
STORJUSDT,2026-04-03 12:00,2026-04-03 14:25,2026-04-05 12:00,SHORT,70.92668851143155,0.09217047243496124,0.0933,8,False,950.0,-11.642027630312976,-0.012254765926645237,0.009444157244343812,timeout,50.02426198174804,4.407135362014686,5.30678535123449,1.178198421452623
USTCUSDT,2026-04-03 21:00,2026-04-04 06:05,2026-04-05 14:20,SHORT,85.3025710702341,0.00434599373147737,0.004780593104625108,5,False,770.0,-77.00000000000009,-0.10000000000000012,0.02070728515449968,hard-stop,46.951629220396676,19.899665551839476,213.30627015234373,2.854224553848904
HYPERUSDT,2026-04-04 02:00,2026-04-05 06:10,2026-04-06 02:00,SHORT,70.89382971958584,0.08395433369933199,0.0844,7,False,910.0,-4.830677771326546,-0.005308437111347853,0.010176171517144584,timeout,33.18005766131886,4.004711425206125,16.58435434183246,1.512825538879666
1000XECUSDT,2026-04-04 14:00,2026-04-04 21:00,2026-04-06 14:00,LONG,88.38026441824742,0.007116468642361566,0.00687,5,False,770.0,-26.66784105373752,-0.034633559810048724,0.0047117972864849315,timeout,73.49871538764489,4.532163742690065,6.684868442252194,2.0195018592340186
NFPUSDT,2026-04-04 14:00,2026-04-04 14:35,2026-04-05 13:50,SHORT,70.11622788276564,0.013594875505916797,0.01325,10,True,1000.0,25.368051790301433,0.02536805179030143,0.03125262204364303,full-position-dynamic-tp: kline weakness: no-new-low + shadow/ema-reclaim,63.89470150383381,4.423495286439445,1.6317416738027015,1.2576859677953642
AVAAIUSDT,2026-04-04 20:00,2026-04-05 04:25,2026-04-06 20:00,SHORT,78.98823867602746,0.0064061963187272974,0.006656,6,False,850.0,-33.1449613027127,-0.03899407212083847,0.008147786319740336,timeout,41.23696860801061,4.191980558930744,13.089079247206628,1.4698577924421836
CARVUSDT,2026-04-05 01:00,2026-04-06 23:05,2026-04-07 01:00,SHORT,88.08658785485979,0.055789135302013015,0.0567,2,False,400.0,-6.530767634637411,-0.016326919086593526,0.002852442525799006,timeout,50.0963672854562,8.521560574948674,19.110238098771344,1.8746172618011088
TUTUSDT,2026-04-05 09:00,2026-04-05 09:25,2026-04-05 10:55,LONG,72.1228007147904,0.008886193928628414,0.009,10,True,1000.0,12.807065914343713,0.012807065914343713,0.039815254338726284,full-position-dynamic-tp: kline weakness: no-new-high + shadow/ema-break,63.90952504847241,4.805491990846665,3.5947802794689534,1.2708392991117652
1000000BOBUSDT,2026-04-05 10:00,2026-04-05 10:45,2026-04-07 10:00,LONG,74.1314860095632,0.012106445654792021,0.01192,9,False,980.0,-15.092517399923834,-0.015400527959105953,0.02342176665995614,timeout,41.03241168752705,7.758620689655171,2.2719054117711877,1.5004330444460299
MITOUSDT,2026-04-05 13:00,2026-04-05 18:30,2026-04-06 05:30,LONG,87.94883999724557,0.042903361498150897,0.03861302534833581,10,True,1000.0,-100.0,-0.1,0.04723728936569336,hard-stop,48.19057333193251,8.96155766350475,10.252239425271947,2.019321872517099
USUALUSDT,2026-04-05 14:00,2026-04-06 17:30,2026-04-07 14:00,LONG,79.3167967870022,0.012711850471311164,0.01216,7,False,910.0,-39.50517904741848,-0.043412284667492834,0.012441109895507072,timeout,43.51781350571,6.8849706129303065,4.787560702964548,1.382955388354815
TRUTHUSDT,2026-04-05 16:00,2026-04-06 16:05,2026-04-07 16:00,SHORT,72.61973375612779,0.008851079316934926,0.009254,2,False,400.0,-18.208883623680066,-0.04552220905920017,0.0017036698457863933,timeout,50.84775729064871,4.830545774647889,3.2520727558489697,1.331769875750535
FLOCKUSDT,2026-04-06 01:00,2026-04-06 01:15,2026-04-06 17:35,LONG,88.20288474313111,0.05510777955440546,0.05628,10,True,1000.0,21.271414944912703,0.021271414944912703,0.04649471392809378,full-position-dynamic-tp: kline weakness: no-new-high + shadow/ema-break,49.38051079579875,8.72446162341248,21.31893129280685,1.4636709363923415
TUTUSDT,2026-04-06 09:00,2026-04-06 09:25,2026-04-06 22:10,LONG,79.02531067277047,0.009471266536800135,0.00962,10,True,1000.0,15.703650892092309,0.01570365089209231,0.032596850906929646,full-position-dynamic-tp: kline weakness: no-new-high + shadow/ema-break,52.21596257440165,5.9765208110992685,1.7980684325988079,1.5822709106681683
NFPUSDT,2026-04-06 10:00,2026-04-06 23:05,2026-04-08 10:00,SHORT,72.69496036566892,0.013195619992267843,0.01366,10,True,1000.0,-35.19198097582889,-0.03519198097582889,0.02770767819034526,timeout,49.33363835368941,5.627705627705623,1.8073987867872874,1.399833424508423
SONICUSDT,2026-04-06 16:00,2026-04-06 22:30,2026-04-08 16:00,SHORT,78.81967149756382,0.036430951567330526,0.03674,10,True,1000.0,-8.4831282020812,-0.0084831282020812,0.025553863604412693,timeout,46.10834380599356,4.64429530201341,5.429113146965754,1.5039903284070313
FLOCKUSDT,2026-04-06 18:00,2026-04-06 22:55,2026-04-08 18:00,SHORT,75.27002047437684,0.05208435805658774,0.05465,8,False,950.0,-46.79638834357032,-0.04925935615112666,0.03790692887954325,timeout,68.91145195268295,8.909426987060993,8.219639255668168,1.3115192539212162
HYPERUSDT,2026-04-06 20:00,2026-04-07 01:25,2026-04-08 20:00,SHORT,82.38978009773089,0.08690442507559186,0.08889,7,False,910.0,-20.791498012209814,-0.02284780001341738,0.017886604442061294,timeout,56.80327320176299,7.692307692307695,11.03210137258405,1.5459448120490702
USUALUSDT,2026-04-06 20:00,2026-04-06 23:05,2026-04-08 20:00,SHORT,70.60504341570704,0.012241148682459832,0.01252,9,False,980.0,-22.324235925745707,-0.022779832577291537,0.02051675777941483,timeout,42.634183455841324,4.176516942474383,2.3833698458511265,1.245633410044566
CARVUSDT,2026-04-07 01:00,2026-04-07 01:30,2026-04-08 09:10,SHORT,70.43084049774018,0.055041010346276495,0.06054511138090415,8,False,950.0,-95.00000000000006,-0.10000000000000006,0.02490888771211012,hard-stop,29.113722165404813,9.40035273368607,29.467637157395693,1.735008804633825
TRUTHUSDT,2026-04-07 01:00,2026-04-08 05:20,2026-04-09 00:30,LONG,72.05424318233202,0.009427745971574884,0.00956,10,True,1000.0,14.02817055358395,0.014028170553583949,0.03693926729412508,full-position-dynamic-tp: kline weakness: no-new-high + shadow/ema-break,40.03743479629335,4.900778423418479,2.7778210185816934,1.3206075763385086
AVAAIUSDT,2026-04-07 16:00,2026-04-07 23:10,2026-04-09 12:10,LONG,86.18830073791445,0.007338953419023926,0.007549,10,True,1000.0,28.620781327156845,0.028620781327156845,0.05137606950858946,full-position-dynamic-tp: kline weakness: no-new-high + shadow/ema-break,57.74764161075177,11.994240460763145,10.118958008898622,1.855474427603119
1000000BOBUSDT,2026-04-07 20:00,2026-04-07 20:05,2026-04-09 20:00,LONG,71.98594861861346,0.012562086321311294,0.01235,9,False,980.0,-16.54538820772663,-0.016883049191557788,0.022123210395174,timeout,48.757251019850045,7.0967741935483915,2.954905392663626,1.1494876310176692
HMSTRUSDT,2026-04-07 23:00,2026-04-07 23:05,2026-04-09 23:00,LONG,78.2451002180201,0.0001413201393071826,0.0001403,10,True,1000.0,-7.218640684787116,-0.007218640684787116,0.026746794273965774,timeout,69.93929292297773,5.131860299358527,2.846786111034936,1.276910753581446
IOUSDT,2026-04-07 23:00,2026-04-07 23:05,2026-04-09 23:00,LONG,72.28915393718353,0.10317021569807987,0.1018,9,False,980.0,-13.015494588553622,-0.013281116927095533,0.014827770704647324,timeout,70.14466981992338,6.849315068493143,2.2614425146564443,1.1092396948587426
STORJUSDT,2026-04-07 23:00,2026-04-07 23:10,2026-04-09 09:25,LONG,70.51042806178108,0.09696373182426654,0.0971,10,True,1000.0,1.4053520132706088,0.0014053520132706087,0.03028212838440505,full-position-dynamic-tp: kline weakness: no-new-high + shadow/ema-break,49.93609338545529,4.261954261954269,5.8355329621861385,1.1427265381055762
WALUSDT,2026-04-07 23:00,2026-04-07 23:05,2026-04-09 23:00,LONG,83.41782282074115,0.07573923211691792,0.07269,8,False,950.0,-38.24663163471615,-0.040259612247069636,0.014665687148338085,timeout,76.79162831495456,7.6327728849746315,2.6366515918623517,1.3005953102477028
FLOCKUSDT,2026-04-08 00:00,2026-04-08 00:05,2026-04-10 00:00,LONG,70.4799174870587,0.05526080865530271,0.05275,10,True,1000.0,-45.435611899280076,-0.045435611899280075,0.02604361716229046,timeout,71.94362911199535,6.277777777777785,1.9492844411321588,1.2412979470232341
ZKJUSDT,2026-04-08 00:00,2026-04-08 04:05,2026-04-10 00:00,LONG,79.62974296803264,0.020458473683347363,0.0198,4,False,670.0,-21.564529919054433,-0.03218586555082751,0.00447376075406525,timeout,76.92485455737058,6.178375685102132,2.492096672574107,1.2471890332437803
CARVUSDT,2026-04-08 16:00,2026-04-09 00:15,2026-04-09 20:45,SHORT,74.9350756240874,0.057023383076647415,0.05573,10,True,1000.0,22.681626498885986,0.022681626498885988,0.1096634878404529,profit-giveback,52.57438154470843,7.736389684813748,6.589817089589541,1.3814758752616128
NFPUSDT,2026-04-09 03:00,2026-04-09 03:15,2026-04-11 03:00,LONG,70.50198759435335,0.014084339221055698,0.01359,7,False,910.0,-31.9396376429342,-0.0350985029043233,0.012472063913491555,timeout,66.29461979558378,5.519713261648744,3.8632544919630774,1.237622803749824
STORJUSDT,2026-04-09 09:00,2026-04-09 11:55,2026-04-11 09:00,SHORT,74.11047667177286,0.09402541288398213,0.0973,1,False,220.0,-7.661855911367748,-0.03482661777894431,0.00027027676032098874,timeout,39.02404611641847,5.8823529411764675,2.491522863491566,1.5051451297157545
AVAAIUSDT,2026-04-09 12:00,2026-04-09 12:05,2026-04-11 12:00,LONG,77.38181688413499,0.007761732880958496,0.007307,9,False,980.0,-57.41478483916775,-0.05858651514200791,0.030439996153581565,timeout,36.975380715545136,6.224663266640511,2.612417048594988,1.3490069683491832
USTCUSDT,2026-04-10 13:00,2026-04-10 13:45,2026-04-10 18:35,LONG,71.64382861250083,0.004988128198639515,0.005044,10,True,1000.0,11.200955375550196,0.011200955375550195,0.08758231223480573,profit-giveback,44.165914444553174,5.362583790371714,2.0170620191622977,1.2929779961415797
TRUTHUSDT,2026-04-10 17:00,2026-04-10 18:05,2026-04-12 12:25,LONG,84.35691256852492,0.010512927889983464,0.009461635100985117,7,False,910.0,-91.0,-0.1,0.012087223592355138,hard-stop,46.42758794760389,7.729750778816196,5.978277178632812,1.5029435149367967
WALUSDT,2026-04-10 19:00,2026-04-11 07:10,2026-04-12 19:00,SHORT,85,0.07146449022040147,0.06975,6,False,850.0,20.39217914864816,0.023990798998409602,0.03266643634064609,timeout,59.67976803496454,19.661865998747658,114.24204586570717,3.226475811529502
FLOCKUSDT,2026-04-10 20:00,2026-04-11 18:50,2026-04-12 20:00,LONG,89.21945024667056,0.05545864619672301,0.05285,4,False,670.0,-31.51524733590942,-0.04703768259090958,0.004712588950511175,timeout,69.49053278723899,4.39823334560176,3.472559914907811,1.77229910069171
HYPERUSDT,2026-04-11 01:00,2026-04-11 11:35,2026-04-13 01:00,SHORT,77.40012430101027,0.08911727874375557,0.08923,7,False,910.0,-1.15102642976098,-0.0012648642085285496,0.013995924935521644,timeout,44.00125438856059,7.38604857491405,27.432639281903544,1.5254286014094325
TUTUSDT,2026-04-11 06:00,2026-04-11 06:40,2026-04-12 19:05,LONG,71.32241358511465,0.00949370437284264,0.00953,10,True,1000.0,3.82312590870066,0.00382312590870066,0.030156366357512347,full-position-dynamic-tp: kline weakness: no-new-high + shadow/ema-break,49.54517634215164,5.561497326203204,2.111969158446643,1.361616231087204
USUALUSDT,2026-04-11 10:00,2026-04-11 12:05,2026-04-13 10:00,LONG,70.74887667225974,0.013294026536139763,0.01239,2,False,400.0,-27.200984853826505,-0.06800246213456626,0.001953769521192712,timeout,45.586294240822916,4.420731707317065,1.5755369519801812,1.5150406509630379
ZKJUSDT,2026-04-11 22:00,2026-04-12 01:45,2026-04-13 00:10,SHORT,70.77571554720276,0.01953525708413744,0.01898,10,True,1000.0,28.42333130022163,0.02842333130022163,0.04070881077798493,full-position-dynamic-tp: kline weakness: no-new-low + shadow/ema-reclaim,61.847246700670716,4.183070866141732,2.731509650111926,1.143490496353848
FLOCKUSDT,2026-04-12 02:00,2026-04-12 07:30,2026-04-13 14:30,SHORT,71.65465373442974,0.05226447713445757,0.05749092484790333,8,False,950.0,-95.00000000000011,-0.10000000000000012,0.015583761267948965,hard-stop,52.12295813599893,5.022744503411674,3.550677651897662,1.2456660011073648
HYPERUSDT,2026-04-12 02:00,2026-04-12 02:25,2026-04-14 02:00,SHORT,75.14280649658322,0.08799237926599444,0.09438,4,False,670.0,-48.637233445483865,-0.07259288573952816,0.0033227794092327385,timeout,41.68415330924428,4.054206662902311,2.555568979268003,1.3886173866635025
TUTUSDT,2026-04-12 02:00,2026-04-12 18:55,2026-04-13 17:45,LONG,76.73172399818557,0.009848060760397083,0.01072,10,True,1000.0,88.53918155230396,0.08853918155230396,0.14337231196631914,full-position-dynamic-tp: kline weakness: no-new-high + shadow/ema-break,52.1489566469399,6.695005313496284,2.5494726439254904,1.4935985710500932
NFPUSDT,2026-04-12 03:00,2026-04-12 07:55,2026-04-14 03:00,SHORT,80.16935786502783,0.013043904039075007,0.01348,8,False,950.0,-31.761285703856082,-0.03343293231984851,0.011032282868987754,timeout,79.48924326520023,4.901960784313722,2.97193383867786,1.3980605572226283
TRUTHUSDT,2026-04-12 13:00,2026-04-13 06:55,2026-04-14 04:25,SHORT,77.01138368454818,0.00913300226220245,0.010046302488422696,6,False,850.0,-85.00000000000011,-0.10000000000000013,0.010840056682365817,hard-stop,57.13906114022202,9.602266764613278,12.782863156911999,1.4856267855267526
AVAAIUSDT,2026-04-12 16:00,2026-04-13 14:30,2026-04-13 21:25,LONG,71.3973567831673,0.007171108025232551,0.007797,10,True,1000.0,87.27967457262673,0.08727967457262673,0.10833639265143483,full-position-dynamic-tp: kline weakness: no-new-high + shadow/ema-break,66.92892361290606,6.8268385584529785,3.376198776470422,1.1253933846408843
TUTUSDT,2026-04-12 19:00,2026-04-12 22:25,2026-04-13 15:50,SHORT,70.12785404954232,0.009187068704509969,0.010105775574960967,2,False,400.0,-40.000000000000036,-0.10000000000000009,0.0018579053949591838,hard-stop,40.843998284337296,5.857740585774055,4.590547692637147,1.2344871987610408
MITOUSDT,2026-04-13 11:00,2026-04-13 19:05,2026-04-15 11:00,SHORT,82.8187611731797,0.03502876365136744,0.03538,4,False,670.0,-6.718146147719717,-0.010027083802566743,0.007958135609406565,timeout,48.00961252689912,10.484094052558786,31.104561796701077,2.114961863854189
FLOCKUSDT,2026-04-13 12:00,2026-04-13 14:25,2026-04-14 00:40,LONG,91.80007611365714,0.056104104929504184,0.0564,10,True,1000.0,5.2740360240594235,0.005274036024059424,0.04234797210437932,full-position-dynamic-tp: kline weakness: no-new-high + shadow/ema-break,59.637350462830305,6.075022872827075,5.747339318980392,1.7611895097246595
AVAAIUSDT,2026-04-13 15:00,2026-04-13 19:35,2026-04-13 21:25,LONG,72.48308786830458,0.007299241448956424,0.007797,10,True,1000.0,68.19318891208086,0.06819318891208086,0.08888027003632408,full-position-dynamic-tp: kline weakness: no-new-high + shadow/ema-break,50.38474342696865,6.41374373657839,5.963103503564774,1.3921712229847825
TUTUSDT,2026-04-13 16:00,2026-04-13 16:05,2026-04-13 17:45,LONG,75.76870398249261,0.010333427493685945,0.01072,10,True,1000.0,37.40990165656681,0.03740990165656681,0.08966748998628181,full-position-dynamic-tp: kline weakness: no-new-high + shadow/ema-break,35.54453982962443,8.695652173913048,3.482247650913531,1.2205329366862476
1000000BOBUSDT,2026-04-13 23:00,2026-04-14 13:15,2026-04-15 23:00,LONG,71.07929308127922,0.013077470342770948,0.01296,7,False,910.0,-8.17421176417769,-0.008982650290305153,0.010134196733415828,timeout,45.53349340932563,5.81761006289309,2.695000398943809,1.1459509386868274
HMSTRUSDT,2026-04-13 23:00,2026-04-14 14:50,2026-04-15 23:00,LONG,79.3946452479844,0.0001495791458826939,0.0001483,10,True,1000.0,-8.551632482893366,-0.008551632482893366,0.032897995828678105,timeout,73.05780089994302,5.263157894736842,1.729580908216133,1.489583708743042
IOUSDT,2026-04-14 00:00,2026-04-14 01:20,2026-04-16 00:00,LONG,83.65475091920554,0.10708529661468313,0.1029,1,False,220.0,-8.598428396228922,-0.03908376543740419,0.0010711403800803565,timeout,56.35509742161431,6.948356807511728,2.664892939825088,1.2994872406821827
TRUTHUSDT,2026-04-14 01:00,2026-04-14 03:00,2026-04-16 01:00,LONG,75.1947757024261,0.009982989211424948,0.009469,10,True,1000.0,-51.48650374546308,-0.05148650374546308,0.029551348030851313,timeout,40.89466318003068,4.5537897310513396,4.064812655881622,1.2574464730046016
AVAAIUSDT,2026-04-14 06:00,2026-04-14 06:10,2026-04-14 06:40,LONG,78.21355365205775,0.009187062777938895,0.008268356500145006,7,False,910.0,-90.99999999999991,-0.09999999999999991,0.036566335746371414,hard-stop,37.77469007446142,15.033203572246393,15.26961231057367,1.365708392898471
HYPERUSDT,2026-04-14 11:00,2026-04-14 12:05,2026-04-14 12:40,LONG,77.59307756065132,0.09763566042992038,0.09568,10,True,1000.0,-20.030185910649756,-0.020030185910649756,0.0832107811255193,profit-giveback,52.51259804415691,4.14009409304756,2.93189232266727,1.3532008652053
TUTUSDT,2026-04-14 13:00,2026-04-15 15:30,2026-04-16 07:35,SHORT,82.51980167880194,0.010106740813463706,0.011117414894810078,5,False,770.0,-77.0000000000001,-0.10000000000000013,0.016497980559824238,hard-stop,48.69302501410447,12.348877374784117,2.342574726022997,1.3440712006703304
MITOUSDT,2026-04-14 14:00,2026-04-14 18:55,2026-04-16 14:00,SHORT,75.50228510727784,0.035155239588084405,0.03684,6,False,850.0,-40.7349335947531,-0.04792345128794483,0.007724371203145278,timeout,41.06311055003901,5.188945290468137,2.3678097167461845,1.5100993260962259
FLOCKUSDT,2026-04-15 07:00,2026-04-15 07:05,2026-04-15 12:40,LONG,78.04850989167032,0.059872217343689575,0.06011,10,True,1000.0,3.971502423995049,0.003971502423995049,0.03988131327429609,full-position-dynamic-tp: kline weakness: no-new-high + shadow/ema-break,44.50542613934472,6.024506466984346,2.9177378264626697,1.2765624458607407
FLOCKUSDT,2026-04-16 01:00,2026-04-16 01:10,2026-04-16 07:20,LONG,78.40979483834882,0.06578155247630767,0.0592033972286769,7,False,910.0,-90.99999999999997,-0.09999999999999996,0.015026211551457912,hard-stop,39.37507272278243,7.366795366795372,7.231225789288849,1.1689566675436842
USUALUSDT,2026-04-16 01:00,2026-04-16 01:25,2026-04-16 20:00,LONG,84.67716414970526,0.013706949489175006,0.01436,10,True,1000.0,47.64375263370871,0.04764375263370871,0.05931666352656343,full-position-dynamic-tp: kline weakness: no-new-high + shadow/ema-break,67.29053827690939,4.200442151805448,2.562292916334032,1.3438827237657895
TUTUSDT,2026-04-16 05:00,2026-04-16 06:20,2026-04-16 17:55,LONG,84.40001047542384,0.010978836177030415,0.01113,10,True,1000.0,13.768656397828803,0.013768656397828804,0.03562889696705428,full-position-dynamic-tp: kline weakness: no-new-high + shadow/ema-break,44.98768614539372,5.914972273567468,2.23716347051034,1.5695170586537388
1000000BOBUSDT,2026-04-16 07:00,2026-04-16 11:25,2026-04-16 19:20,LONG,84.54751765897916,0.014009293567409004,0.0143,10,True,1000.0,20.750970146509797,0.020750970146509798,0.030030524420568968,full-position-dynamic-tp: kline weakness: no-new-high + shadow/ema-break,73.94867844953332,6.060606060606057,4.574952191902479,1.5433020541071563
AVAAIUSDT,2026-04-16 07:00,2026-04-16 07:15,2026-04-17 11:25,LONG,79.0165255488267,0.009209223629986744,0.009394,10,True,1000.0,20.06427223806286,0.02006427223806286,0.05285748175646771,profit-giveback,35.45180217303387,7.280963429455308,2.412195184842768,1.3578839969952052
WALUSDT,2026-04-16 07:00,2026-04-16 08:05,2026-04-16 08:35,LONG,85.5543903594872,0.07534448576510383,0.08104,10,True,1000.0,75.59298038946966,0.07559298038946966,0.2737494857845188,profit-giveback,41.19672981796975,4.481605351170558,3.6634055622240247,1.3553430838748655
ZKJUSDT,2026-04-16 14:00,2026-04-17 07:20,2026-04-18 06:10,LONG,70.90389254518374,0.021178783586225405,0.02283,10,True,1000.0,77.96559264378807,0.07796559264378806,0.10676800225888707,full-position-dynamic-tp: kline weakness: no-new-high + shadow/ema-break,48.011995250864295,5.320735952262563,2.1496634017319267,1.291845470178319
IOUSDT,2026-04-16 15:00,2026-04-16 15:05,2026-04-16 16:45,LONG,82.3561532563402,0.1152590464934997,0.116,10,True,1000.0,6.428593060954138,0.006428593060954138,0.04633869244095743,full-position-dynamic-tp: kline weakness: no-new-high + shadow/ema-break,39.07571018968184,4.749340369393142,2.197115721680651,1.453716485755031
TRUTHUSDT,2026-04-16 15:00,2026-04-17 02:15,2026-04-18 15:00,LONG,72.08126096945128,0.009921492823523077,0.009708,10,True,1000.0,-21.518215788747273,-0.021518215788747273,0.02464419224264476,timeout,45.957556764012466,4.1973261477873445,2.1107094934988213,1.5070415332417872
HMSTRUSDT,2026-04-16 19:00,2026-04-16 19:20,2026-04-16 22:15,LONG,95.8394920485036,0.00016642247391222113,0.0001697,10,True,1000.0,19.694011335918475,0.019694011335918474,0.07377324587936732,profit-giveback,58.09044592427422,8.679706601466988,2.704215699399586,1.718208488828399
TUTUSDT,2026-04-16 20:00,2026-04-16 20:10,2026-04-17 02:00,LONG,72.5563084163558,0.012419481856020069,0.0123,10,True,1000.0,-9.6205185856568,-0.0096205185856568,0.1071315341013999,profit-giveback,57.910436562224376,11.538461538461537,1.9239554123920002,1.1872208279030174
CARVUSDT,2026-04-17 02:00,2026-04-17 02:05,2026-04-17 07:30,LONG,92.27558316498377,0.06022068355641235,0.06039,10,True,1000.0,2.8115994968579114,0.0028115994968579113,0.03502644471997281,full-position-dynamic-tp: kline weakness: no-new-high + shadow/ema-break,46.81514435951978,6.588950836289915,2.334397403644335,1.6690915825399049
USTCUSDT,2026-04-17 03:00,2026-04-17 03:10,2026-04-18 07:10,LONG,80.65446653510298,0.005785620888024574,0.005866,10,True,1000.0,13.892910291063004,0.013892910291063003,0.039646412444722924,full-position-dynamic-tp: kline weakness: no-new-high + shadow/ema-break,37.00559390995117,5.974842767295587,3.277935824885315,1.2820050141516082
1000000BOBUSDT,2026-04-17 05:00,2026-04-17 07:05,2026-04-17 09:45,LONG,75.78543296175731,0.01591081692171698,0.01615,10,True,1000.0,15.032733985931124,0.015032733985931124,0.07976856779432176,profit-giveback,47.2886354382376,8.829300196206674,2.4318188727728764,1.2950469884537372
DIAUSDT,2026-04-17 07:00,2026-04-17 07:05,2026-04-17 07:50,LONG,74.0641309642849,0.19416685942790968,0.2021,10,True,1000.0,40.857335775345035,0.04085733577534503,0.10471993331920586,profit-giveback,46.92230412842573,5.8701298701298725,4.4655253146028295,1.2401216377675603
NFPUSDT,2026-04-17 08:00,2026-04-17 09:55,2026-04-18 03:40,LONG,74.12825939789319,0.015201313616388412,0.01555,10,True,1000.0,22.937911315484726,0.022937911315484727,0.03543683113220132,full-position-dynamic-tp: kline weakness: no-new-high + shadow/ema-break,46.928995379276536,5.898123324396776,5.527284104496395,1.2302543826223216
AVAAIUSDT,2026-04-17 14:00,2026-04-18 00:55,2026-04-18 04:45,LONG,80.5262547354661,0.00985842301653287,0.01052,10,True,1000.0,67.1077901970371,0.06710779019703711,0.09013378528969176,full-position-dynamic-tp: kline weakness: no-new-high + shadow/ema-break,53.32216678937706,12.231336309832832,1.6226049211318485,1.5916896225438557
MITOUSDT,2026-04-17 14:00,2026-04-18 02:35,2026-04-18 07:45,LONG,71.16059450799843,0.039402117692109655,0.04029,10,True,1000.0,22.53387279405403,0.02253387279405403,0.032431817951405296,full-position-dynamic-tp: kline weakness: no-new-high + shadow/ema-break,52.823601366313014,4.395036194415719,1.4665277543108777,1.470561231234083
IOUSDT,2026-04-17 20:00,2026-04-18 06:15,2026-04-18 07:20,LONG,70.1191035827247,0.12542131303687917,0.1262,10,True,1000.0,6.208569694146535,0.006208569694146535,0.036506450556569314,full-position-dynamic-tp: kline weakness: no-new-high + shadow/ema-break,28.550719889193463,7.437348423605497,3.9861721626473545,1.2392909459375423
FLOCKUSDT,2026-04-18 01:00,2026-04-18 10:05,2026-04-19 03:10,SHORT,75.20331553893242,0.06000813747291009,0.05837,10,True,1000.0,27.29858885637981,0.02729858885637981,0.038963673451215056,full-position-dynamic-tp: kline weakness: no-new-low + shadow/ema-reclaim,53.51094870902826,5.727579014920567,40.43627919484498,1.4204594389879384
NFPUSDT,2026-04-18 04:00,2026-04-18 05:50,2026-04-18 08:15,LONG,72.47876939888198,0.01615794799309334,0.01649,10,True,1000.0,20.55038220500503,0.02055038220500503,0.04035487719018386,full-position-dynamic-tp: kline weakness: no-new-high + shadow/ema-break,42.36781265585487,6.052801030264003,2.667415293691731,1.2516152496475288
USTCUSDT,2026-04-18 04:00,2026-04-18 06:10,2026-04-18 07:10,LONG,71.90599672538954,0.00583629036338997,0.005866,10,True,1000.0,5.090500088274046,0.0050905000882740465,0.030620415620690265,full-position-dynamic-tp: kline weakness: no-new-high + shadow/ema-break,58.202454911650115,6.485539000876418,1.691621580105659,1.4097556625110435
AVAAIUSDT,2026-04-18 06:00,2026-04-18 10:50,2026-04-18 22:25,SHORT,82.5909052932879,0.009781935484479335,0.01076012903292727,4,False,670.0,-67.0000000000001,-0.10000000000000014,0.010931935162423299,hard-stop,75.93866807103313,11.097124043768773,1.9176366605102722,1.7493485531573745
DIAUSDT,2026-04-18 06:00,2026-04-18 06:05,2026-04-18 06:35,LONG,95.83920236369758,0.2262650206058438,0.20363851854525944,5,False,770.0,-76.99999999999994,-0.09999999999999992,0.012087504232130387,hard-stop,39.51065045112927,14.253187613843348,38.215332197553714,2.107221034192651
MITOUSDT,2026-04-18 06:00,2026-04-18 06:05,2026-04-19 22:00,LONG,78.9879825530856,0.04061657878119679,0.03655492090307711,8,False,950.0,-94.99999999999997,-0.09999999999999996,0.015595139664900887,hard-stop,62.75919743719949,4.0486835568802775,2.2577663567035406,1.418797589247143
ZKJUSDT,2026-04-18 06:00,2026-04-18 06:05,2026-04-18 06:25,LONG,73.38423728075946,0.023633623901435225,0.02372,10,True,1000.0,3.6547970351483645,0.0036547970351483647,0.06500806245255836,profit-giveback,29.044648262714926,11.63793103448275,4.906915946127269,1.3768617791106617
USUALUSDT,2026-04-18 07:00,2026-04-18 07:05,2026-04-19 02:20,LONG,77.95260246610934,0.014868546074470147,0.013381691467023133,5,False,770.0,-76.99999999999996,-0.09999999999999995,0.006823392483818843,hard-stop,46.561404517567084,5.030591434398375,3.599142813900707,1.2766718083732436
IOUSDT,2026-04-18 09:00,2026-04-18 12:20,2026-04-19 03:10,SHORT,77.40465400687634,0.11924903693169948,0.1159,10,True,1000.0,28.084393952947895,0.028084393952947897,0.04904892385042531,full-position-dynamic-tp: kline weakness: no-new-low + shadow/ema-reclaim,37.585216041692206,7.540983606557377,2.1079510250215363,1.5472485711144806
HIVEUSDT,2026-04-18 23:00,2026-04-18 23:10,2026-04-20 23:00,LONG,72.05250080622191,0.0653298802104911,0.06184,5,False,770.0,-41.13290508753483,-0.05341935725653874,0.004062451213909477,timeout,42.97719466971783,4.547556651765081,6.931659719809443,1.1587860998485733
AVAAIUSDT,2026-04-19 01:00,2026-04-19 01:10,2026-04-19 04:55,LONG,75.3765360257447,0.011174331813172539,0.010056898631855285,1,False,220.0,-22.0,-0.1,0.0013126679136348225,hard-stop,64.08851189641197,7.073394495412852,2.709277551883896,1.1392051161265826
TRUTHUSDT,2026-04-19 01:00,2026-04-19 01:15,2026-04-19 05:10,LONG,71.15285175163758,0.010184153255684543,0.010331,10,True,1000.0,14.419141250991201,0.014419141250991202,0.031700892181218215,full-position-dynamic-tp: kline weakness: no-new-high + shadow/ema-break,51.17372451528001,4.744887830057567,2.5595090348806777,1.2124977988576915
DIAUSDT,2026-04-19 14:00,2026-04-19 15:05,2026-04-20 04:35,SHORT,77.80788715426257,0.17963166493881705,0.19759483143269876,6,False,850.0,-85.00000000000006,-0.10000000000000006,0.013536950401507899,hard-stop,39.99690446578073,10.537870472008795,3.2310539466852224,1.1845448062128787
USTCUSDT,2026-04-20 00:00,2026-04-20 06:15,2026-04-21 13:20,LONG,75.68747573724667,0.005342488334329445,0.005375,10,True,1000.0,6.085491186128274,0.0060854911861282735,0.03322640211114944,full-position-dynamic-tp: kline weakness: no-new-high + shadow/ema-break,63.088034192877934,7.386138613861387,2.4528970662312553,1.1987645997717022
FLOCKUSDT,2026-04-20 10:00,2026-04-20 10:05,2026-04-20 15:00,LONG,81.76661611655751,0.06444107032363046,0.05799696329126741,6,False,850.0,-85.00000000000003,-0.10000000000000003,0.01565662505763133,hard-stop,53.998506239864774,10.441129800063464,10.46649142511431,1.4089047606594727
NFPUSDT,2026-04-20 14:00,2026-04-21 01:05,2026-04-22 14:00,LONG,75.23170960306967,0.015124420877762121,0.01483,9,False,980.0,-19.077256745156905,-0.01946658851546623,0.018220804913136962,timeout,78.75173981050105,4.739336492891002,2.379148827749869,1.2220753574422178
FLOCKUSDT,2026-04-21 01:00,2026-04-21 10:40,2026-04-23 01:00,LONG,77.39549389410075,0.06388620256726583,0.0634,10,True,1000.0,-7.610447134557942,-0.007610447134557942,0.029643293178056557,timeout,54.98633415884753,7.306451612903237,8.611732233358463,1.259845081682687
USTCUSDT,2026-04-21 14:00,2026-04-21 16:10,2026-04-23 14:00,LONG,87.2411892775741,0.005552776229478897,0.005375,6,False,850.0,-27.213377383162463,-0.03201573809783819,0.011205884759188685,timeout,48.28794532124572,4.745951982132887,5.456954061521725,2.097297786005658
CARVUSDT,2026-04-22 01:00,2026-04-23 03:35,2026-04-24 01:00,SHORT,93.45520998697184,0.055459770887612274,0.057,1,False,220.0,-6.109841409405953,-0.027772006406390694,0.0016186667592657314,timeout,39.14489395544956,7.302609284988142,8.653102743636707,1.8193873109745113
USUALUSDT,2026-04-22 03:00,2026-04-22 03:05,2026-04-24 03:00,LONG,77.34152783552246,0.015500428419364321,0.01487,6,False,850.0,-34.570925522950766,-0.040671677085824434,0.009649512683715456,timeout,40.70276396897297,7.436399217221138,2.2580683548701876,1.2094642139242644
NFPUSDT,2026-04-23 01:00,2026-04-23 02:35,2026-04-24 12:40,SHORT,70.53505271735949,0.014193011416379941,0.015612312558017937,8,False,950.0,-95.00000000000013,-0.10000000000000013,0.008667041318516542,hard-stop,52.62492765335917,4.476584022038564,2.2346439906061435,1.3046416102757128
TUTUSDT,2026-04-23 01:00,2026-04-23 02:35,2026-04-24 07:25,SHORT,72.78584782881164,0.010440718049412642,0.011484789854353908,7,False,910.0,-91.0000000000001,-0.1000000000000001,0.010604447786890502,hard-stop,45.96620347700357,5.529522024367387,3.244605542843755,1.2141464409463363
ZKJUSDT,2026-04-23 01:00,2026-04-23 10:10,2026-04-23 15:05,SHORT,80.45614194160633,0.017572240380042767,0.01629,10,True,1000.0,72.96965852453515,0.07296965852453514,0.11906508986861894,full-position-dynamic-tp: kline weakness: no-new-low + shadow/ema-reclaim,34.4490341186069,8.650137741046843,6.955467532301425,1.576487347136789
FLOCKUSDT,2026-04-23 02:00,2026-04-23 02:10,2026-04-23 08:40,LONG,71.00773805215304,0.06474153554581007,0.06625,10,True,1000.0,23.299794196610794,0.023299794196610792,0.04013597194263795,full-position-dynamic-tp: kline weakness: no-new-high + shadow/ema-break,34.358143949015975,4.454203262233368,1.6425985214632357,1.7765628374542424
AVAAIUSDT,2026-04-23 05:00,2026-04-23 08:35,2026-04-25 05:00,SHORT,76.89088519650313,0.008044653970877162,0.008102,7,False,910.0,-6.486902567928868,-0.007128464360361394,0.011144540362049454,timeout,76.04963898490789,4.798009714488814,10.808739067519621,1.1144809230551376
TRUTHUSDT,2026-04-23 06:00,2026-04-23 06:15,2026-04-23 11:50,LONG,70.26497369325956,0.010260903346681265,0.009234813012013138,7,False,910.0,-91.00000000000003,-0.10000000000000003,0.013361070530215624,hard-stop,26.614010244987025,5.288893324019551,4.241769470688914,1.6204854707335556
ZKJUSDT,2026-04-23 16:00,2026-04-23 16:10,2026-04-24 02:45,SHORT,97.70161290322582,0.014979215041072552,0.01381,10,True,1000.0,78.0558285508687,0.07805582855086869,0.2382778424160327,profit-giveback,40.48232297407126,18.129032258064516,4.2763236986068165,1.9065040922150946
USTCUSDT,2026-04-23 21:00,2026-04-23 21:55,2026-04-24 00:00,LONG,70.58982296507253,0.00549212455994896,0.005646,10,True,1000.0,28.01747090245715,0.02801747090245715,0.04221962512321372,full-position-dynamic-tp: kline weakness: no-new-high + shadow/ema-break,46.382427574923135,5.46125461254613,6.714136006828452,1.1974542735461235
NFPUSDT,2026-04-24 00:00,2026-04-24 12:20,2026-04-24 16:40,LONG,72.75318706794948,0.015567480861000342,0.01633,10,True,1000.0,48.98153694923897,0.04898153694923897,0.1588258987485775,profit-giveback,50.50212627144834,4.99015101772817,2.660963810648171,1.1302556295866222
DIAUSDT,2026-04-24 04:00,2026-04-25 14:45,2026-04-26 04:00,SHORT,82.69148496443471,0.19535243204887828,0.1962,7,False,910.0,-3.9481813839297093,-0.004338660861461219,0.013065780764068762,timeout,83.80736109951012,6.565409113179811,7.542144964623161,1.4225116442906223
ZKJUSDT,2026-04-24 04:00,2026-04-24 06:15,2026-04-24 06:15,LONG,74.10888106615454,0.01626932853209655,0.014642395678886895,7,False,910.0,-91.0,-0.1,0.05904800963409221,hard-stop,57.29605683812975,33.535200605601815,1.6831660799615902,1.9039773330149403
1000000BOBUSDT,2026-04-24 06:00,2026-04-25 15:30,2026-04-26 06:00,SHORT,78.49621727973746,0.014300685226599885,0.01461,6,False,850.0,-18.384962204542443,-0.0216293672994617,0.010536923525846498,timeout,48.564986859619744,9.305461901550906,5.481371849693278,1.496765065897741
AVAAIUSDT,2026-04-24 06:00,2026-04-24 06:05,2026-04-26 06:00,LONG,70.05570837124651,0.008581919484276673,0.008225,8,False,950.0,-39.51021804435146,-0.04158970320458048,0.01783756139914766,timeout,34.344137648591285,4.724873335689883,3.4797225171218362,1.327209793891994
TUTUSDT,2026-04-24 08:00,2026-04-24 08:05,2026-04-26 08:00,LONG,76.40663989956789,0.0116790551281816,0.01133,8,False,950.0,-28.392910910435063,-0.029887274642563223,0.015493108803106894,timeout,60.72948204641284,5.790838375108042,2.1632223993076356,1.2509299829109073
MITOUSDT,2026-04-24 13:00,2026-04-26 09:10,2026-04-26 13:00,LONG,88.29353846471503,0.04134369957286068,0.04112,10,True,1000.0,-5.4107294502383345,-0.005410729450238335,0.056267350313912834,profit-giveback,52.3562802370368,8.959462948618643,15.005241403887073,2.0281063870107636
NFPUSDT,2026-04-24 16:00,2026-04-24 16:05,2026-04-24 16:35,LONG,78.07240308076366,0.016230621648154815,0.01682,10,True,1000.0,36.31274048657219,0.03631274048657219,0.11147930073589543,profit-giveback,58.2354873538046,4.993757802746569,1.6605282213814256,1.4827087525927822
IOUSDT,2026-04-25 02:00,2026-04-25 02:10,2026-04-25 12:00,LONG,80.71354373709444,0.13871942742814503,0.12484748468533052,8,False,950.0,-95.0,-0.1,0.01716106111444329,hard-stop,61.13693239174288,8.667152221412959,2.8806817194525016,1.195943377737058
HYPERUSDT,2026-04-25 05:00,2026-04-25 05:50,2026-04-25 11:55,LONG,93.56170342630031,0.10683857221206489,0.13084,10,True,1000.0,224.65133416697543,0.22465133416697544,0.2528246795953045,full-position-dynamic-tp: kline weakness: no-new-high + shadow/ema-break,61.59029756431885,5.694053739450966,3.6531156194933865,1.7610130196813807
CARVUSDT,2026-04-25 13:00,2026-04-26 00:05,2026-04-27 08:55,SHORT,75.14253867017281,0.05954389146069274,0.05733,10,True,1000.0,37.180832598994975,0.037180832598994976,0.04255501947442359,full-position-dynamic-tp: kline weakness: no-new-low + shadow/ema-reclaim,32.70761186105455,5.68704799474031,6.026390009749255,1.563138849917046
SONICUSDT,2026-04-25 13:00,2026-04-25 13:50,2026-04-26 01:20,LONG,91.74428737031513,0.03871710511435102,0.03852,10,True,1000.0,-5.090905267035706,-0.005090905267035706,0.056638916550508116,profit-giveback,78.13973847515193,4.304198574069183,2.798387149301317,1.805479395449832
SONICUSDT,2026-04-26 02:00,2026-04-26 03:30,2026-04-26 05:05,LONG,79.03535603225347,0.04147529543742854,0.04289,10,True,1000.0,34.10957167757233,0.03410957167757233,0.10330739099943377,profit-giveback,37.77446511222401,12.480660134089746,22.498260402876245,1.6990189321078617
IOUSDT,2026-04-26 07:00,2026-04-27 05:45,2026-04-27 14:20,SHORT,70.9454618621938,0.12075827151620296,0.1183,10,True,1000.0,20.356961766160346,0.020356961766160347,0.03195037050265548,full-position-dynamic-tp: kline weakness: no-new-low + shadow/ema-reclaim,45.377891713599006,5.399061032863853,3.0529137468770555,1.174556015229042
MITOUSDT,2026-04-26 12:00,2026-04-26 12:50,2026-04-28 00:45,LONG,79.38559079783982,0.04266224832789221,0.04362,10,True,1000.0,22.449629582265032,0.022449629582265034,0.03862317943122803,full-position-dynamic-tp: kline weakness: no-new-high + shadow/ema-break,35.48602304914957,5.544794188861986,2.406603158231302,1.5339239483513265
USTCUSDT,2026-04-26 19:00,2026-04-26 19:55,2026-04-27 00:00,LONG,85.95133786772394,0.005752010757611573,0.005841,10,True,1000.0,15.470979825736231,0.01547097982573623,0.03320390910877435,full-position-dynamic-tp: kline weakness: no-new-high + shadow/ema-break,46.24348833731676,5.696090571378034,2.8611807526913933,1.588860075880381
SONICUSDT,2026-04-27 01:00,2026-04-27 01:50,2026-04-27 05:05,LONG,87.90461432506888,0.04693389171414603,0.04224050254273143,5,False,770.0,-77.00000000000001,-0.10000000000000002,0.01738846398727235,hard-stop,73.20891079135284,19.031221303948573,20.44660734525629,2.1295350337537697
HYPERUSDT,2026-04-27 02:00,2026-04-27 02:05,2026-04-29 02:00,SHORT,79.51409830422669,0.11732168398422357,0.12905385238264594,7,False,910.0,-91.00000000000006,-0.10000000000000006,0.03410864767984137,hard-stop,29.836159207518033,19.440767703507607,5.43147315281355,1.974927006968373
MITOUSDT,2026-04-27 04:00,2026-04-27 04:05,2026-04-28 05:45,LONG,72.37459898055363,0.043541164313370795,0.04447,10,True,1000.0,21.332357581075918,0.02133235758107592,0.03809810125173434,full-position-dynamic-tp: kline weakness: no-new-high + shadow/ema-break,60.48626709931178,7.273994887287941,1.7024098480342094,1.2898540702111576
FLOCKUSDT,2026-04-27 06:00,2026-04-27 06:30,2026-04-27 16:40,SHORT,77.19958688944233,0.06178162530414865,0.06041,10,True,1000.0,22.20118518080726,0.02220118518080726,0.03369327520765087,full-position-dynamic-tp: kline weakness: no-new-low + shadow/ema-reclaim,67.6763128925143,4.735420308279035,2.296678302398583,1.221971313914526
USUALUSDT,2026-04-27 06:00,2026-04-27 06:05,2026-04-27 19:40,SHORT,72.07446119759713,0.014325677092358427,0.01396,10,True,1000.0,25.525990150474996,0.025525990150474995,0.032506463000399916,full-position-dynamic-tp: kline weakness: no-new-low + shadow/ema-reclaim,37.79049982950928,4.1580041580041565,2.8036891241517363,1.370454051796883
ZKJUSDT,2026-04-27 06:00,2026-04-27 10:55,2026-04-27 11:05,LONG,78.482697760049,0.01277341087153447,0.0129,10,True,1000.0,9.910362215595324,0.009910362215595324,0.054534308453028556,profit-giveback,40.474087654897254,7.431874483897603,3.1735525606621127,1.2947658989243755
1000000BOBUSDT,2026-04-27 09:00,2026-04-27 17:25,2026-04-28 11:55,SHORT,79.04529638833182,0.013797297764418676,0.01351,10,True,1000.0,20.822755971794546,0.020822755971794546,0.06213519335862478,profit-giveback,43.101683684867055,4.131652661064428,6.247112376158802,1.5339938289932682
AVAAIUSDT,2026-04-27 11:00,2026-04-27 11:15,2026-04-29 11:00,LONG,92.37972866739841,0.008820309704408945,0.008677,9,False,980.0,-15.92274138067538,-0.01624769528640345,0.03397729848887858,timeout,54.473544799268474,9.612003282147477,5.985039417978488,1.8451895043910376
NFPUSDT,2026-04-27 12:00,2026-04-27 12:35,2026-04-29 12:00,LONG,70.08728303280512,0.01631857743260226,0.01609,8,False,950.0,-13.30683154637698,-0.014007191101449453,0.014181540538906787,timeout,49.75450234720597,5.403726708074519,4.896677375805848,1.204633737134307
ZKJUSDT,2026-04-27 18:00,2026-04-28 00:15,2026-04-28 00:15,LONG,85,0.01676295304466001,0.015086657740194008,3,False,550.0,-54.99999999999999,-0.09999999999999999,0.012351460675715891,hard-stop,66.89894956661989,39.686098654708516,3.796906018049972,1.8692510581711892
AVAAIUSDT,2026-04-28 07:00,2026-04-28 07:45,2026-04-30 02:15,LONG,71.9800899568574,0.00900317639958182,0.009308,10,True,1000.0,33.85733955322014,0.033857339553220143,0.09983405417447194,profit-giveback,45.67679675227736,6.726305061714425,2.5372206827372668,1.1600663056874287
ZKJUSDT,2026-04-28 10:00,2026-04-28 10:15,2026-04-28 10:25,LONG,79.16531509284407,0.02930717735749361,0.02812,7,False,910.0,-36.86234884175753,-0.040508075650283,0.07140990130089304,profit-giveback,62.1390207405808,36.808510638297875,1.9370938633939738,1.3883569849441912
MITOUSDT,2026-04-28 13:00,2026-04-28 13:10,2026-04-29 19:05,LONG,70.18244575335275,0.04701244518962536,0.04805,10,True,1000.0,22.06979037549852,0.02206979037549852,0.055890622148589815,profit-giveback,34.868351432899374,6.295399515738502,3.790357652190828,1.1670880794944507
TUTUSDT,2026-04-28 17:00,2026-04-28 19:40,2026-04-29 18:05,LONG,88.97743071090383,0.011712044975285775,0.010540840477757198,8,False,950.0,-95.00000000000001,-0.10000000000000002,0.017755654555036457,hard-stop,47.245813790460595,7.705627705627707,4.916567865451688,1.51483445507992
HYPERUSDT,2026-04-29 02:00,2026-04-29 04:30,2026-04-29 18:50,SHORT,73.56692467605691,0.11885277165080978,0.11568,10,True,1000.0,26.694974014837417,0.026694974014837416,0.040661833827556795,full-position-dynamic-tp: kline weakness: no-new-low + shadow/ema-reclaim,33.32030110878683,8.49389852280025,5.203928563397555,1.5304956186325562
TRUTHUSDT,2026-04-29 09:00,2026-04-29 12:10,2026-05-01 00:00,LONG,84.69267305598937,0.00987248996964391,0.009836,7,False,910.0,-3.3634749164659494,-0.003696126281830714,0.007851112596155516,timeout,48.435416108620416,4.1137945149406425,3.870555402293948,1.5734454369175581
NFPUSDT,2026-04-29 13:00,2026-04-29 16:30,2026-04-30 05:40,SHORT,79.9605193864406,0.015503952323312647,0.015,10,True,1000.0,32.504764772455836,0.032504764772455834,0.04669469488912646,full-position-dynamic-tp: kline weakness: no-new-low + shadow/ema-reclaim,33.1801483379277,9.226190476190473,33.0047282823327,1.8677890815936475
AVAAIUSDT,2026-04-29 14:00,2026-04-29 16:50,2026-04-30 01:25,SHORT,82.19474055319733,0.008481274969205721,0.009329402466126294,8,False,950.0,-95.0000000000001,-0.1000000000000001,0.03304632501874531,hard-stop,32.120191949851424,6.941984056687324,13.170747096453214,1.7489984074607956
MITOUSDT,2026-04-29 18:00,2026-04-29 18:15,2026-04-30 10:00,LONG,73.0232608907743,0.04780561749992406,0.0482,10,True,1000.0,8.249710404359154,0.008249710404359154,0.038371693453783925,full-position-dynamic-tp: kline weakness: no-new-high + shadow/ema-break,41.09011352635311,9.980765120752299,3.573428760345583,1.3710126046429938
HMSTRUSDT,2026-04-29 19:00,2026-04-29 21:20,2026-04-29 22:00,LONG,75.67690310215946,0.0001543752916796232,0.0001551,10,True,1000.0,4.69445798282804,0.00469445798282804,0.0364352886992424,full-position-dynamic-tp: kline weakness: no-new-high + shadow/ema-break,55.82685953213559,4.576043068640648,2.132132146248425,1.4856514351043866
IOUSDT,2026-04-29 19:00,2026-04-29 21:35,2026-05-01 00:00,LONG,74.27856587187175,0.1172147485519374,0.1161,7,False,910.0,-8.654381763345745,-0.009510309630050269,0.01181806440892369,timeout,43.295320634243595,4.385964912280693,3.8898013029495706,1.2795387720015676
WALUSDT,2026-04-29 19:00,2026-04-30 10:45,2026-05-01 00:00,SHORT,84.50855969962899,0.06901422683293294,0.06932,7,False,910.0,-4.031829302451129,-0.004430581651045197,0.007451026498895055,timeout,72.75090440795472,4.265605004976523,3.279326937632366,1.5139752095825465
AVAAIUSDT,2026-04-30 03:00,2026-04-30 03:05,2026-04-30 08:00,SHORT,92.42705692084591,0.008004846677214067,0.007356,10,True,1000.0,81.05672767737336,0.08105672767737336,0.1105388663761417,full-position-dynamic-tp: kline weakness: no-new-low + shadow/ema-reclaim,44.16482402494701,18.99229401304089,4.327382854971399,1.8412809330963886
HYPERUSDT,2026-04-30 05:00,2026-04-30 05:05,2026-05-01 00:00,LONG,75.45253267684528,0.12357710489047255,0.1226,10,True,1000.0,-7.906844001067721,-0.00790684400106772,0.025837270685029674,timeout,51.38754081178421,4.423548650858542,2.039176216158747,1.3642145315193541
NFPUSDT,2026-04-30 07:00,2026-04-30 07:10,2026-04-30 08:45,SHORT,76.95999216300825,0.012275316113205556,0.0119,10,True,1000.0,30.574863387982063,0.030574863387982064,0.06804844009735421,full-position-dynamic-tp: kline weakness: no-new-low + shadow/ema-reclaim,65.04999738263038,21.887390959555912,20.013655987349463,1.1103010339109503
USTCUSDT,2026-04-30 14:00,2026-04-30 15:35,2026-04-30 16:05,LONG,72.50411183789,0.006407500923482558,0.006501,10,True,1000.0,14.592128449764486,0.014592128449764485,0.061256187272480896,profit-giveback,41.983152081821,5.106586064269808,2.340562461597536,1.1778041713643077
